"cbo_2002","grupo_cargo","n","TITULO"
10105,"Outros",23,"Oficial general da aeronáutica"
10110,"Outros",7,"Oficial general do exército"
10115,"Outros",3,"Oficial general da marinha"
10305,"Outros",7,"Praça da aeronáutica"
10315,"Outros",22,"Praça da marinha"
21110,"Outros",4,"Sargento da policia militar"
111110,"Outros",6,"Deputado federal"
111210,"Outros",1,"Vice-presidente da república"
111220,"Strategic",61,"Secretário - executivo"
111225,"Outros",1,"Membro superior do poder executivo"
111405,"Strategic",66,"Dirigente do serviço público federal"
111410,"Outros",8,"Dirigente do serviço público estadual e distrital"
111415,"Outros",12,"Dirigente do serviço público municipal"
111505,"Outros",2,"Especialista de políticas públicas e gestão governamental - eppgg"
111510,"Operational",575,"Analista de planejamento e orçamento - apo"
114205,"Strategic",9,"Dirigente de entidade de trabalhadores"
114210,"Outros",5,"Dirigente de entidade patronal"
114405,"Strategic",10,"Dirigente e administrador de organização da sociedade civil sem fins lucrativos"
121005,"Strategic",820,"Diretor de planejamento estratégico"
121010,"Strategic",5710,"Diretor geral de empresa e organizações (exceto de interesse público)"
122105,"Outros",64,"Diretor de produção e operações em empresa agropecuária"
122110,"Outros",21,"Diretor de produção e operações em empresa aqüícola"
122115,"Outros",57,"Diretor de produção e operações em empresa florestal"
122120,"Outros",4,"Diretor de produção e operações em empresa pesqueira"
122205,"Outros",230,"Diretor de produção e operações da indústria de transformação, extração mineral e utilidades"
122305,"Outros",206,"Diretor de operações de obras pública e civil"
122405,"Outros",134,"Diretor de operações comerciais (comércio atacadista e varejista)"
122505,"Outros",26,"Diretor de  produção e operações de alimentação"
122510,"Outros",8,"Diretor de  produção e operações de hotel"
122515,"Outros",17,"Diretor de  produção e operações de turismo"
122520,"Outros",3,"Turismólogo"
122605,"Outros",7,"Diretor de operações de correios"
122610,"Outros",36,"Diretor de operações de serviços de armazenamento"
122615,"Outros",134,"Diretor de operações de serviços de telecomunicações"
122620,"Outros",72,"Diretor de operações de serviços de transporte"
122705,"Strategic",2474,"Diretor comercial em operações de intermediação financeira"
122710,"Strategic",3795,"Diretor de produtos bancários"
122715,"Outros",3,"Diretor de crédito rural"
122720,"Outros",107,"Diretor de câmbio e comércio exterior"
122725,"Strategic",762,"Diretor de compliance"
122730,"Strategic",265,"Diretor de crédito (exceto crédito imobiliário)"
122735,"Outros",18,"Diretor de crédito imobiliário"
122740,"Outros",11,"Diretor de leasing"
122745,"Outros",215,"Diretor de mercado de capitais"
122750,"Strategic",52,"Diretor de recuperação de créditos em operações de intermediação financeira"
122755,"Strategic",1022,"Diretor de riscos de mercado"
123105,"Strategic",10560,"Diretor administrativo"
123110,"Strategic",5144,"Diretor administrativo e financeiro"
123115,"Strategic",3956,"Diretor financeiro"
123205,"Outros",855,"Diretor de recursos humanos"
123210,"Outros",44,"Diretor de relações de trabalho"
123305,"Strategic",5566,"Diretor comercial"
123310,"Strategic",637,"Diretor de marketing"
123405,"Outros",180,"Diretor de suprimentos"
123410,"Outros",1,"Diretor de suprimentos no serviço público"
123605,"Strategic",1333,"Diretor de tecnologia da informação"
123705,"Strategic",371,"Diretor de pesquisa e desenvolvimento (p&d)"
123805,"Outros",282,"Diretor de manutenção"
131105,"Outros",137,"Diretor de serviços culturais"
131110,"Outros",23,"Diretor de serviços sociais"
131115,"Strategic",850,"Gerente de serviços culturais"
131120,"Strategic",275,"Gerente de serviços sociais"
131205,"Outros",43,"Diretor de serviços de saúde"
131210,"Outros",167,"Gerente de serviços de saúde"
131215,"Outros",3,"Tecnólogo em gestão hospitalar"
131305,"Outros",124,"Diretor de instituição educacional da área privada"
131310,"Outros",4,"Diretor de instituição educacional pública"
131315,"Outros",39,"Gerente de instituição educacional da área privada"
141105,"Outros",30,"Gerente de produção e operações  aqüícolas"
141110,"Outros",134,"Gerente de produção e operações  florestais"
141115,"Outros",170,"Gerente de produção e operações agropecuárias"
141120,"Outros",6,"Gerente de produção e operações pesqueiras"
141205,"Strategic",4501,"Gerente de produção e operações"
141305,"Strategic",1367,"Gerente de produção e operações da construção civil e obras públicas"
141405,"Outros",65,"Comerciante atacadista"
141410,"Outros",825,"Comerciante varejista"
141415,"Strategic",802,"Gerente de loja e supermercado"
141420,"Strategic",322,"Gerente de operações de serviços de assistência técnica"
141505,"Outros",82,"Gerente de hotel"
141510,"Outros",573,"Gerente de restaurante"
141515,"Outros",65,"Gerente de bar"
141525,"Outros",35,"Gerente de turismo"
141605,"Outros",263,"Gerente de operações de transportes"
141610,"Outros",99,"Gerente de operações de correios e telecomunicações"
141615,"Outros",610,"Gerente de logística (armazenagem e distribuição)"
141705,"Strategic",53915,"Gerente de produtos bancários"
141710,"Strategic",165396,"Gerente de agência"
141715,"Strategic",2642,"Gerente de câmbio e comércio exterior"
141720,"Strategic",9459,"Gerente de crédito e cobrança"
141725,"Strategic",1947,"Gerente de crédito imobiliário"
141730,"Strategic",134,"Gerente de crédito rural"
141735,"Strategic",2824,"Gerente de recuperação de crédito"
141810,"Outros",1,"Gerente de empresa aérea e empresa de serviços auxiliares ao transporte aéreo (esata) em aeroportos"
142105,"Strategic",326646,"Gerente administrativo"
142110,"Strategic",16753,"Gerente de riscos"
142115,"Strategic",19178,"Gerente financeiro"
142120,"Operational",122,"Tecnólogo em gestão administrativo- financeira"
142125,"Operational",446,"Analista de compliance"
142130,"Operational",483,"Analista de riscos"
142135,"Outros",4,"Oficial de proteção de dados pessoais (dpo)"
142205,"Strategic",9762,"Gerente de recursos humanos"
142210,"Strategic",1997,"Gerente de departamento pessoal"
142305,"Strategic",86887,"Gerente comercial"
142310,"Strategic",1818,"Gerente de comunicação"
142315,"Strategic",5929,"Gerente de marketing"
142320,"Strategic",12099,"Gerente de vendas"
142325,"Support",1708,"Relações públicas"
142330,"Operational",43866,"Analista de negócios"
142335,"Operational",12942,"Analista de pesquisa de mercado"
142340,"Support",2477,"Ouvidor"
142345,"Strategic",156,"Profissional de relações institucionais e governamentais"
142350,"Strategic",4,"Profissonal de relações internacionais"
142405,"Strategic",2037,"Gerente de compras"
142410,"Strategic",1133,"Gerente de suprimentos"
142415,"Outros",89,"Gerente de almoxarifado"
142505,"Strategic",2485,"Gerente de infraestrutura de tecnologia da informação"
142510,"Strategic",9193,"Gerente de desenvolvimento de sistemas"
142515,"Strategic",1642,"Gerente de operação de tecnologia da informação"
142520,"Strategic",3647,"Gerente de projetos de tecnologia da informação"
142525,"Strategic",1474,"Gerente de segurança da informação"
142530,"Strategic",2098,"Gerente de suporte técnico de tecnologia da informação"
142535,"Support",921,"Tecnólogo em gestão da tecnologia da informação"
142605,"Strategic",7459,"Gerente de pesquisa e desenvolvimento (p&d)"
142610,"Outros",5,"Especialista em desenvolvimento de cigarros"
142705,"Strategic",2380,"Gerente de projetos e serviços de manutenção"
201105,"Outros",15,"Bioengenheiro"
201115,"Outros",2,"Geneticista"
201210,"Support",1,"Especialista em calibrações metrológicas"
201215,"Outros",1,"Especialista em ensaios metrológicos"
201220,"Outros",1,"Especialista em instrumentação metrológica"
202105,"Outros",17,"Engenheiro mecatrônico"
202110,"Outros",118,"Engenheiro de controle e automação"
202115,"Outros",2,"Tecnólogo em mecatrônica"
202120,"Outros",18,"Tecnólogo em automação industrial"
203005,"Outros",5,"Pesquisador em biologia ambiental"
203020,"Outros",1,"Pesquisador em biologia humana"
203025,"Outros",4,"Pesquisador em biologia vegetal"
203105,"Support",962,"Pesquisador em ciências da computação e informática"
203110,"Outros",30,"Pesquisador em ciências da terra e meio ambiente"
203120,"Outros",1,"Pesquisador em matemática"
203125,"Outros",8,"Pesquisador em química"
203205,"Outros",109,"Pesquisador de engenharia civil"
203210,"Outros",10315,"Pesquisador de engenharia e tecnologia (outras áreas da engenharia)"
203215,"Outros",113,"Pesquisador de engenharia elétrica e eletrônica"
203220,"Outros",27,"Pesquisador de engenharia mecânica"
203225,"Outros",5,"Pesquisador de engenharia metalúrgica, de minas e de materiais"
203230,"Outros",22,"Pesquisador de engenharia química"
203505,"Outros",4,"Pesquisador em ciências sociais e humanas"
203510,"Outros",66,"Pesquisador em economia"
203520,"Outros",7,"Pesquisador em história"
203525,"Outros",1,"Pesquisador em psicologia"
211105,"Outros",535,"Atuário"
211110,"Strategic",284,"Especialista em pesquisa operacional"
211115,"Outros",8,"Matemático"
211120,"Outros",600,"Matemático aplicado"
211205,"Operational",2273,"Estatístico"
211210,"Outros",119,"Estatístico (estatística aplicada)"
211215,"Outros",35,"Estatístico teórico"
212205,"Operational",377,"Engenheiro de aplicativos em computação"
212210,"Outros",120,"Engenheiro de equipamentos em computação"
212215,"Operational",2160,"Engenheiros de sistemas operacionais em computação"
212305,"Operational",4093,"Administrador de banco de dados"
212310,"Operational",1302,"Administrador de redes"
212315,"Operational",4769,"Administrador de sistemas operacionais"
212320,"Operational",4406,"Administrador em segurança da informação"
212405,"Operational",104641,"Analista de desenvolvimento de sistemas"
212410,"Operational",5939,"Analista de redes e de comunicação de dados"
212415,"Operational",1216,"Analista de sistemas de automação"
212420,"Operational",32871,"Analista de suporte computacional"
212425,"Operational",153,"Arquiteto de soluções de tecnologia da informação"
212430,"Operational",138,"Analista de testes de tecnologia da informação"
213125,"Outros",1,"Físico (estatística e matemática)"
213155,"Outros",1,"Físico (nuclear e reatores)"
213205,"Outros",50,"Químico"
213210,"Outros",65,"Químico industrial"
213215,"Outros",2,"Tecnólogo em processos químicos"
213315,"Outros",43,"Meteorologista"
213405,"Outros",316,"Geólogo"
213410,"Outros",10,"Geólogo de engenharia"
213415,"Outros",9,"Geofísico"
214005,"Outros",367,"Engenheiro ambiental"
214010,"Outros",252,"Tecnólogo em meio ambiente"
214105,"Outros",658,"Arquiteto de edificações"
214110,"Outros",140,"Arquiteto de interiores"
214115,"Outros",740,"Arquiteto de patrimônio"
214120,"Outros",24,"Arquiteto paisagista"
214125,"Outros",113,"Arquiteto urbanista"
214130,"Outros",5,"Urbanista"
214205,"Outros",4855,"Engenheiro civil"
214210,"Outros",17,"Engenheiro civil (aeroportos)"
214215,"Outros",206,"Engenheiro civil (edificações)"
214220,"Outros",17,"Engenheiro civil (estruturas metálicas)"
214225,"Outros",3,"Engenheiro civil (ferrovias e metrovias)"
214230,"Outros",54,"Engenheiro civil (geotécnia)"
214235,"Outros",38,"Engenheiro civil (hidrologia)"
214240,"Outros",97,"Engenheiro civil (hidráulica)"
214245,"Outros",3,"Engenheiro civil (pontes e viadutos)"
214250,"Outros",17,"Engenheiro civil (portos e vias navegáveis)"
214255,"Outros",194,"Engenheiro civil (rodovias)"
214260,"Outros",101,"Engenheiro civil (saneamento)"
214265,"Outros",11,"Engenheiro civil (túneis)"
214270,"Outros",390,"Engenheiro civil (transportes e trânsito)"
214280,"Outros",33,"Tecnólogo em construção civil"
214305,"Outros",1584,"Engenheiro eletricista"
214310,"Outros",119,"Engenheiro eletrônico"
214315,"Outros",206,"Engenheiro eletricista de manutenção"
214320,"Outros",344,"Engenheiro eletricista de projetos"
214325,"Outros",31,"Engenheiro eletrônico de manutenção"
214330,"Outros",37,"Engenheiro eletrônico de projetos"
214335,"Outros",142,"Engenheiro de manutenção de telecomunicações"
214340,"Outros",29,"Engenheiro de telecomunicações"
214345,"Outros",7,"Engenheiro projetista de telecomunicações"
214350,"Outros",18,"Engenheiro de redes de comunicação"
214360,"Outros",1,"Tecnólogo em eletricidade"
214365,"Outros",55,"Tecnólogo em eletrônica"
214370,"Outros",7,"Tecnólogo em telecomunicações"
214375,"Outros",2,"Engenheiro de energia"
214405,"Outros",411,"Engenheiro mecânico"
214410,"Outros",24,"Engenheiro mecânico automotivo"
214415,"Outros",3,"Engenheiro mecânico (energia nuclear)"
214420,"Outros",179,"Engenheiro mecânico industrial"
214425,"Outros",9,"Engenheiro aeronáutico"
214430,"Outros",36,"Engenheiro naval"
214505,"Outros",211,"Engenheiro químico"
214510,"Outros",35,"Engenheiro químico (indústria química)"
214515,"Outros",16,"Engenheiro químico (mineração, metalurgia, siderurgia, cimenteira e cerâmica)"
214520,"Outros",5,"Engenheiro químico (papel e celulose)"
214525,"Outros",8,"Engenheiro químico (petróleo e borracha)"
214530,"Outros",56,"Engenheiro químico (utilidades e meio ambiente)"
214605,"Outros",37,"Engenheiro de materiais"
214610,"Outros",61,"Engenheiro metalurgista"
214705,"Outros",172,"Engenheiro de minas"
214710,"Outros",1,"Engenheiro de minas (beneficiamento)"
214715,"Outros",40,"Engenheiro de minas (lavra a céu aberto)"
214725,"Outros",1,"Engenheiro de minas (pesquisa mineral)"
214730,"Outros",27,"Engenheiro de minas (planejamento)"
214740,"Outros",63,"Engenheiro de minas (projeto)"
214745,"Outros",3,"Tecnólogo em petróleo e gás"
214805,"Outros",10,"Engenheiro agrimensor"
214810,"Outros",20,"Engenheiro cartógrafo"
214905,"Outros",1043,"Engenheiro de produção"
214910,"Outros",1830,"Engenheiro de controle de qualidade"
214915,"Outros",667,"Engenheiro de segurança do trabalho"
214920,"Outros",47,"Engenheiro de riscos"
214925,"Outros",30,"Engenheiro de tempos e movimentos"
214935,"Outros",67,"Tecnólogo em segurança do trabalho"
214945,"Outros",2,"Engenheiro de logistica"
215110,"Outros",4,"Capitão de manobra da marinha mercante"
215115,"Outros",140,"Comandante da marinha mercante"
215120,"Outros",29,"Coordenador de operações de combate à poluição no meio aquaviário"
215125,"Outros",1,"Imediato da marinha mercante"
215130,"Outros",17,"Inspetor de terminal"
215140,"Outros",20,"Oficial de quarto de navegação da marinha mercante"
215150,"Outros",2,"Vistoriador naval"
215205,"Outros",3,"Oficial superior de máquinas da marinha mercante"
215210,"Outros",10,"Primeiro oficial de máquinas da marinha mercante"
215215,"Outros",177,"Segundo oficial de máquinas da marinha mercante"
215220,"Outros",11,"Superintendente técnico no transporte aquaviário"
215305,"Outros",2498,"Piloto de aeronaves"
215310,"Outros",24,"Piloto de ensaios em vôo"
215315,"Outros",12,"Instrutor de vôo"
221105,"Outros",118,"Biólogo"
221205,"Outros",22,"Biomédico"
222105,"Outros",75,"Engenheiro agrícola"
222110,"Outros",514,"Engenheiro agrônomo"
222115,"Outros",4,"Engenheiro de pesca"
222120,"Outros",130,"Engenheiro florestal"
222125,"Outros",1,"Tecnólogo em agronegócio"
222205,"Outros",6,"Engenheiro de alimentos"
222215,"Outros",1,"Tecnólogo em alimentos"
223204,"Outros",2,"Cirurgião dentista - auditor"
223208,"Outros",5,"Cirurgião dentista - clínico geral"
223305,"Outros",116,"Médico veterinário"
223310,"Outros",5,"Zootecnista"
223405,"Outros",95,"Farmacêutico"
223415,"Outros",8,"Farmacêutico analista clínico"
223420,"Outros",6,"Farmacêutico de alimentos"
223425,"Outros",1,"Farmacêutico práticas integrativas e complementares"
223435,"Outros",8,"Farmacêutico industrial"
223445,"Outros",4,"Farmacêutico hospitalar e clínico"
223505,"Outros",354,"Enfermeiro"
223510,"Outros",15,"Enfermeiro auditor"
223515,"Outros",1,"Enfermeiro de bordo"
223530,"Outros",175,"Enfermeiro do trabalho"
223535,"Outros",1,"Enfermeiro nefrologista"
223545,"Outros",4,"Enfermeiro obstétrico"
223560,"Outros",1,"Enfermeiro sanitarista"
223605,"Outros",12,"Fisioterapeuta geral"
223660,"Outros",1,"Fisioterapeuta  do trabalho"
223705,"Outros",10,"Dietista"
223710,"Outros",179,"Nutricionista"
223810,"Outros",7,"Fonoaudiólogo geral"
223820,"Outros",2,"Fonoaudiólogo em audiologia"
223905,"Outros",3,"Terapeuta ocupacional"
224105,"Outros",142,"Avaliador físico"
224115,"Outros",1,"Preparador de atleta"
224120,"Outros",2519,"Preparador físico"
224125,"Outros",360,"Técnico de desporto individual e coletivo (exceto futebol)"
224135,"Outros",1,"Treinador profissional de futebol"
225105,"Outros",2,"Médico acupunturista"
225112,"Outros",4,"Médico neurologista"
225121,"Outros",3,"Médico oncologista clínico"
225125,"Outros",110,"Médico clínico"
225140,"Outros",432,"Médico do trabalho"
225142,"Outros",2,"Médico da estratégia de saúde da família"
225148,"Outros",2,"Médico anatomopatologista"
225175,"Outros",27,"Médico geneticista"
225250,"Outros",3,"Médico ginecologista e obstetra"
225260,"Outros",2,"Médico neurocirurgião"
225275,"Outros",1,"Médico otorrinolaringologista"
225290,"Outros",2,"Médico cancerologista cirurgíco"
225320,"Outros",2,"Médico em radiologia e diagnóstico por imagem"
226305,"Outros",3,"Musicoterapeuta"
231105,"Outros",7,"Professor de nível superior na educação infantil (quatro a seis anos)"
231110,"Outros",5,"Professor de nível superior na educação infantil (zero a três anos)"
231205,"Outros",82,"Professor da  educação de jovens e adultos do ensino fundamental (primeira a quarta série)"
231210,"Outros",63,"Professor de nível superior do ensino fundamental (primeira a quarta série)"
231305,"Outros",6,"Professor de ciências exatas e naturais do ensino fundamental"
231310,"Outros",6,"Professor de educação artística do ensino fundamental"
231315,"Outros",5,"Professor de educação física do ensino fundamental"
231320,"Outros",2,"Professor de geografia do ensino fundamental"
231325,"Outros",2,"Professor de história do ensino fundamental"
231335,"Outros",18,"Professor de língua portuguesa do ensino fundamental"
231340,"Outros",3,"Professor de matemática do ensino fundamental"
232105,"Outros",16,"Professor de artes no ensino médio"
232110,"Outros",16,"Professor de biologia no ensino médio"
232115,"Outros",8,"Professor de disciplinas pedagógicas no ensino médio"
232120,"Outros",14,"Professor de educação física no ensino médio"
232125,"Outros",7,"Professor de filosofia no ensino médio"
232130,"Outros",17,"Professor de física no ensino médio"
232135,"Outros",2,"Professor de geografia no ensino médio"
232140,"Outros",15,"Professor de história no ensino médio"
232145,"Outros",13,"Professor de língua e literatura brasileira no ensino médio"
232150,"Outros",8,"Professor de língua estrangeira moderna no ensino médio"
232155,"Outros",21,"Professor de matemática no ensino médio"
232165,"Outros",3,"Professor de química no ensino médio"
233105,"Outros",14,"Professor da área de meio ambiente"
233110,"Outros",12,"Professor de desenho técnico"
233115,"Outros",18,"Professor de técnicas agrícolas"
233120,"Outros",12,"Professor de técnicas comerciais e secretariais"
233125,"Outros",2,"Professor de técnicas de enfermagem"
233135,"Outros",13,"Professor de tecnologia e cálculo técnico"
233205,"Outros",44,"Instrutor de aprendizagem e treinamento agropecuário"
233210,"Outros",155,"Instrutor de aprendizagem e treinamento industrial"
233215,"Operational",591,"Instrutor de aprendizagem e treinamento comercial"
233220,"Outros",3,"Professor instrutor de ensino e aprendizagem agroflorestal"
233225,"Outros",107,"Professor instrutor de ensino e aprendizagem em serviços"
234105,"Outros",7,"Professor de matemática aplicada (no ensino superior)"
234210,"Outros",10,"Professor de química (ensino superior)"
234305,"Outros",2,"Professor de arquitetura"
234310,"Outros",1,"Professor de engenharia"
234320,"Outros",1,"Professor de geologia"
234410,"Outros",26,"Professor de educação física no ensino superior"
234415,"Outros",6,"Professor de enfermagem do ensino superior"
234505,"Outros",517,"Professor de ensino superior na área de didática"
234510,"Outros",3,"Professor de ensino superior na área de orientação educacional"
234515,"Outros",2,"Professor de ensino superior na área de pesquisa educacional"
234520,"Outros",18,"Professor de ensino superior na área de prática de ensino"
234616,"Outros",39,"Professor de língua inglesa"
234620,"Outros",4,"Professor de língua espanhola"
234624,"Outros",106,"Professor de língua portuguesa"
234644,"Outros",2,"Professor de literatura espanhola"
234725,"Outros",2,"Professor de comunicação social do ensino superior"
234730,"Outros",2,"Professor de direito do ensino superior"
234740,"Outros",7,"Professor de geografia do ensino superior"
234745,"Outros",1,"Professor de história do ensino superior"
234805,"Outros",22,"Professor de economia"
234810,"Outros",43,"Professor de administração"
234815,"Outros",6,"Professor de contabilidade"
239405,"Support",501,"Coordenador pedagógico"
239410,"Support",141,"Orientador educacional"
239415,"Support",50,"Pedagogo"
239425,"Outros",7,"Psicopedagogo"
239430,"Outros",74,"Supervisor de ensino"
239435,"Outros",34,"Designer educacional"
241005,"Operational",24714,"Advogado"
241010,"Operational",6949,"Advogado de empresa"
241015,"Outros",211,"Advogado (direito civil)"
241020,"Outros",109,"Advogado (direito público)"
241025,"Outros",9,"Advogado (direito penal)"
241030,"Outros",108,"Advogado (áreas especiais)"
241035,"Outros",489,"Advogado (direito do trabalho)"
241040,"Operational",4071,"Consultor jurídico"
241205,"Outros",3,"Advogado da união"
241215,"Outros",4,"Procurador da fazenda nacional"
241305,"Outros",13,"Oficial de registro de contratos marítimos"
241310,"Outros",4,"Oficial do registro civil de pessoas jurídicas"
241320,"Outros",2,"Oficial do registro de distribuições"
241330,"Outros",1,"Oficial do registro de títulos e documentos"
242205,"Outros",4,"Procurador da república"
242405,"Outros",81,"Defensor público"
242410,"Outros",7,"Procurador da assistência judiciária"
242910,"Outros",19,"Oficial técnico de inteligência"
251105,"Outros",3,"Antropólogo"
251110,"Outros",15,"Arqueólogo"
251115,"Outros",2,"Cientista político"
251120,"Outros",6,"Sociólogo"
251205,"Operational",3034,"Economista"
251210,"Operational",72,"Economista agroindustrial"
251215,"Operational",10136,"Economista financeiro"
251220,"Operational",438,"Economista industrial"
251225,"Operational",2873,"Economista do setor público"
251230,"Outros",215,"Economista ambiental"
251235,"Outros",22,"Economista regional e urbano"
251305,"Outros",76,"Geógrafo"
251405,"Outros",17,"Filósofo"
251505,"Outros",1,"Psicólogo educacional"
251510,"Outros",18,"Psicólogo clínico"
251515,"Outros",6,"Psicólogo do esporte"
251520,"Outros",3,"Psicólogo hospitalar"
251525,"Outros",1,"Psicólogo jurídico"
251530,"Outros",22,"Psicólogo social"
251540,"Operational",268,"Psicólogo do trabalho"
251550,"Outros",13,"Psicanalista"
251605,"Support",233,"Assistente social"
251610,"Outros",3,"Economista doméstico"
252105,"Operational",120948,"Administrador"
252205,"Operational",25667,"Auditor (contadores e afins)"
252210,"Operational",55880,"Contador"
252215,"Operational",108,"Perito contábil"
252305,"Operational",17894,"Secretária(o) executiva(o)"
252310,"Outros",1994,"Secretário  bilíngüe"
252315,"Outros",132,"Secretária trilíngüe"
252320,"Outros",3,"Tecnólogo em secretariado escolar"
252405,"Operational",28413,"Analista de recursos humanos"
252505,"Operational",3259,"Administrador de fundos e carteiras de investimento"
252510,"Operational",5811,"Analista de câmbio"
252515,"Operational",12163,"Analista de cobrança (instituições financeiras)"
252525,"Operational",52601,"Analista de crédito (instituições financeiras)"
252530,"Operational",85,"Analista de crédito rural"
252535,"Outros",175,"Analista de leasing"
252540,"Operational",64851,"Analista de produtos bancários"
252545,"Operational",77872,"Analista financeiro (instituições financeiras)"
252550,"Operational",4515,"Profissional de relações com investidores"
252605,"Operational",448,"Gestor em segurança"
252705,"Outros",454,"Analista de pcp (programação e controle da produção)"
252710,"Outros",58,"Analista de planejamento de materias"
252715,"Outros",738,"Analista de logistica"
252720,"Operational",148,"Analista de projetos logisticos"
252725,"Outros",111,"Analista de gestão de estoque"
253110,"Operational",985,"Redator de publicidade"
253115,"Operational",846,"Publicitário"
253120,"Strategic",4736,"Diretor de mídia (publicidade)"
253125,"Strategic",3201,"Diretor de arte (publicidade)"
253130,"Strategic",15,"Diretor de criação"
253135,"Outros",5,"Diretor de contas (publicidade)"
253140,"Outros",32,"Agenciador de propaganda"
253205,"Strategic",9367,"Gerente de captação (fundos e investimentos institucionais)"
253210,"Strategic",58001,"Gerente de clientes especiais (private)"
253215,"Strategic",552997,"Gerente de contas - pessoa física e jurídica"
253220,"Strategic",8107,"Gerente de grandes contas (corporate)"
253225,"Operational",63454,"Operador de negócios"
253305,"Outros",9431,"Corretor de valores, ativos financeiros, mercadorias e derivativos"
253405,"Outros",48,"Analista de mídias sociais"
253410,"Outros",2,"Influenciador digital"
254205,"Outros",1,"Auditor-fiscal da previdência social"
254305,"Outros",52,"Auditor-fiscal do trabalho"
254310,"Outros",6,"Agente de higiene e segurança"
254405,"Outros",50,"Fiscal de tributos estadual"
254410,"Outros",11,"Fiscal de tributos municipal"
254415,"Outros",140,"Técnico de tributos estadual"
254420,"Outros",6,"Técnico de tributos municipal"
254505,"Outros",6,"Fiscal de atividades urbanas"
261105,"Outros",5,"Arquivista pesquisador (jornalismo)"
261110,"Support",375,"Assessor de imprensa"
261115,"Outros",71,"Diretor de redação"
261120,"Outros",141,"Editor"
261125,"Support",265,"Jornalista"
261130,"Operational",46,"Produtor de texto"
261135,"Outros",26,"Repórter (exclusive rádio e televisão)"
261140,"Outros",35,"Revisor de texto"
261205,"Outros",391,"Bibliotecário"
261210,"Operational",1662,"Documentalista"
261215,"Operational",3547,"Analista de informações (pesquisador de informações de rede)"
261305,"Operational",375,"Arquivista"
261310,"Outros",1,"Museólogo"
261410,"Outros",7,"Intérprete"
261420,"Outros",27,"Tradutor"
261425,"Outros",22,"Intérprete de língua de sinais"
261505,"Outros",3,"Autor-roteirista"
261520,"Outros",2,"Escritor de não ficção"
261530,"Outros",30,"Redator de textos técnicos"
261605,"Outros",3,"Editor de jornal"
261610,"Outros",42,"Editor de livro"
261615,"Outros",32,"Editor de mídia eletrônica"
261620,"Outros",3,"Editor de revista"
261715,"Outros",4,"Locutor de mídias audiovisuais"
261730,"Outros",13,"Repórter de mídias audiovisuais"
261805,"Outros",22,"Fotógrafo"
261810,"Outros",3,"Fotógrafo publicitário"
261815,"Outros",9,"Fotógrafo retratista"
262105,"Outros",9,"Produtor cultural"
262110,"Outros",2,"Produtor cinematográfico"
262115,"Outros",6,"Produtor de rádio"
262125,"Outros",18,"Produtor de televisão"
262135,"Outros",19,"Tecnólogo em produção audiovisual"
262205,"Outros",2,"Diretor de cinema"
262215,"Outros",2,"Diretor de programas de televisão"
262220,"Outros",10,"Diretor teatral"
262230,"Outros",1,"Diretor de produção"
262315,"Outros",4,"Cenógrafo de eventos"
262330,"Outros",29,"Diretor de arte"
262405,"Support",27,"Artista (artes visuais)"
262410,"Support",1228,"Desenhista industrial gráfico (designer gráfico)"
262415,"Outros",1,"Conservador-restaurador de bens  culturais"
262420,"Outros",143,"Desenhista industrial de produto (designer de produto)"
262425,"Outros",15,"Desenhista industrial de produto de moda (designer de moda)"
262505,"Outros",1,"Ator"
262710,"Outros",4,"Músico intérprete instrumentista"
262830,"Outros",4,"Professor de dança"
262905,"Outros",23,"Decorador de interiores de nível superior"
263105,"Outros",14,"Ministro de culto religioso"
263110,"Outros",2,"Missionário"
263115,"Outros",6,"Teólogo"
271105,"Outros",165,"Chefe de cozinha"
271110,"Outros",16,"Tecnólogo em gastronomia"
300105,"Outros",34,"Técnico em mecatrônica - automação da manufatura"
300305,"Outros",110,"Técnico em eletromecânica"
301105,"Outros",228,"Técnico de laboratório industrial"
301110,"Outros",95,"Técnico de laboratório de análises físico-químicas (materiais de construção)"
301115,"Outros",10,"Técnico químico de petróleo"
311105,"Outros",254,"Técnico químico"
311110,"Outros",3,"Técnico de celulose e papel"
311115,"Outros",2,"Técnico em curtimento"
311205,"Outros",3,"Técnico em petroquímica"
311305,"Outros",3,"Técnico em materiais, produtos cerâmicos e vidros"
311410,"Outros",3,"Técnico em plástico"
311505,"Outros",391,"Técnico de controle de meio ambiente"
311510,"Outros",45,"Técnico de meteorologia"
311515,"Outros",180,"Técnico de utilidade (produção e distribuição de vapor, gases, óleos, combustíveis, energia)"
311520,"Outros",14,"Técnico em tratamento de efluentes"
311705,"Outros",2,"Colorista de papel"
311710,"Outros",211,"Colorista têxtil"
311715,"Outros",17,"Preparador de tintas"
312105,"Support",2093,"Técnico de obras civis"
312205,"Outros",91,"Técnico de estradas"
312210,"Outros",151,"Técnico de saneamento"
312305,"Outros",6,"Técnico em agrimensura"
312310,"Outros",1,"Técnico em geodésia e cartografia"
312315,"Outros",1,"Técnico em hidrografia"
312320,"Outros",145,"Topógrafo"
313105,"Outros",811,"Eletrotécnico"
313110,"Outros",165,"Eletrotécnico (produção de energia)"
313115,"Outros",390,"Eletrotécnico na fabricação, montagem e instalação de máquinas e equipamentos"
313120,"Outros",571,"Técnico de manutenção elétrica"
313125,"Outros",36,"Técnico de manutenção elétrica de máquina"
313130,"Outros",1494,"Técnico eletricista"
313205,"Outros",1869,"Técnico de manutenção eletrônica"
313210,"Support",74,"Técnico de manutenção eletrônica (circuitos de máquinas com comando numérico)"
313215,"Support",636,"Técnico eletrônico"
313220,"Operational",1243,"Técnico em manutenção de equipamentos de informática"
313305,"Operational",141,"Técnico de comunicação de dados"
313310,"Outros",260,"Técnico de rede (telecomunicações)"
313315,"Outros",184,"Técnico de telecomunicações (telefonia)"
313320,"Outros",48,"Técnico de transmissão (telecomunicações)"
313405,"Outros",2,"Técnico em calibração"
313410,"Outros",49,"Técnico em instrumentação"
313415,"Outros",122,"Encarregado de manutenção de instrumentos de controle, medição e similares"
313505,"Outros",1,"Técnico em fotônica"
314105,"Outros",8,"Técnico em mecânica de precisão"
314110,"Outros",318,"Técnico mecânico"
314115,"Outros",125,"Técnico mecânico (calefação, ventilação e refrigeração)"
314120,"Outros",105,"Técnico mecânico (máquinas)"
314125,"Outros",5,"Técnico mecânico (motores)"
314205,"Outros",2,"Técnico mecânico na fabricação de ferramentas"
314210,"Outros",9,"Técnico mecânico na manutenção de ferramentas"
314305,"Outros",13,"Técnico em automobilística"
314310,"Outros",30,"Técnico mecânico (aeronaves)"
314315,"Outros",14,"Técnico mecânico (embarcações)"
314405,"Outros",4568,"Técnico de manutenção de sistemas e instrumentos"
314410,"Outros",494,"Técnico em manutenção de máquinas"
314615,"Outros",9,"Técnico em estruturas metálicas"
314620,"Outros",7,"Técnico em soldagem"
314715,"Outros",1,"Técnico de fundição em siderurgia"
314805,"Outros",2,"Inspetor de equipamentos"
316105,"Outros",2,"Técnico em geofísica"
316110,"Outros",39,"Técnico em geologia"
316120,"Outros",2,"Técnico em geotecnia"
316305,"Outros",169,"Técnico de mineração"
316310,"Outros",6,"Técnico de mineração (óleo e petróleo)"
316315,"Outros",13,"Técnico em processamento mineral (exceto petróleo)"
316320,"Outros",2,"Técnico em pesquisa mineral"
316325,"Outros",23,"Técnico de produção em refino de petróleo"
316330,"Outros",2,"Técnico em planejamento de lavra de minas"
317105,"Operational",153,"Desenvolvedor web (técnico)"
317110,"Operational",6547,"Desenvolvedor de sistemas de tecnologia da informação (técnico)"
317115,"Outros",33,"Programador de máquinas - ferramenta com comando numérico"
317120,"Operational",74,"Desenvolvedor de multimídia"
317205,"Operational",12519,"Operador de computador"
317210,"Operational",2955,"Técnico de suporte ao usuário de tecnologia da informação"
318005,"Outros",79,"Desenhista técnico"
318010,"Outros",9,"Desenhista copista"
318015,"Outros",24,"Desenhista detalhista"
318105,"Outros",139,"Desenhista técnico (arquitetura)"
318110,"Outros",8,"Desenhista técnico (cartografia)"
318115,"Outros",7,"Desenhista técnico (construção civil)"
318120,"Outros",3,"Desenhista técnico (instalações hidrossanitárias)"
318205,"Outros",15,"Desenhista técnico mecânico"
318305,"Outros",14,"Desenhista técnico (eletricidade e eletrônica)"
318310,"Outros",4,"Desenhista técnico (calefação, ventilação e refrigeração)"
318405,"Support",78,"Desenhista técnico (artes gráficas)"
318410,"Outros",9,"Desenhista técnico (ilustrações artísticas)"
318415,"Outros",3,"Desenhista técnico (ilustrações técnicas)"
318425,"Outros",2,"Desenhista técnico (mobiliário)"
318430,"Outros",6,"Desenhista técnico de embalagens, maquetes e leiautes"
318505,"Outros",239,"Desenhista projetista de arquitetura"
318510,"Outros",186,"Desenhista projetista de construção civil"
318605,"Outros",84,"Desenhista projetista de máquinas"
318610,"Outros",108,"Desenhista projetista mecânico"
318705,"Outros",43,"Desenhista projetista de eletricidade"
318710,"Outros",1,"Desenhista projetista eletrônico"
318805,"Outros",5,"Projetista de móveis"
318810,"Outros",9,"Modelista de roupas"
318815,"Outros",3,"Modelista de calçados"
319105,"Outros",4,"Técnico em calçados e artefatos de couro"
319110,"Outros",5,"Técnico em confecções do vestuário"
320105,"Outros",2,"Técnico em bioterismo"
321105,"Outros",229,"Técnico agrícola"
321110,"Outros",33,"Técnico agropecuário"
321205,"Outros",1,"Técnico em madeira"
321210,"Outros",172,"Técnico florestal"
322105,"Outros",16,"Técnico em acupuntura"
322110,"Outros",5,"Podólogo"
322120,"Outros",39,"Massoterapeuta"
322130,"Outros",8,"Esteticista"
322205,"Outros",330,"Técnico de enfermagem"
322210,"Outros",3,"Técnico de enfermagem de terapia intensiva"
322215,"Outros",223,"Técnico de enfermagem do trabalho"
322225,"Outros",1,"Instrumentador cirúrgico"
322230,"Outros",120,"Auxiliar de enfermagem"
322235,"Outros",64,"Auxiliar de enfermagem do trabalho"
322305,"Outros",1,"Técnico em óptica e optometria"
322405,"Outros",4,"Técnico em saúde bucal"
322410,"Outros",23,"Protético dentário"
322415,"Outros",27,"Auxiliar em saúde bucal"
322420,"Outros",1,"Auxiliar de prótese dentária"
322425,"Outros",9,"Técnico em saúde bucal da estratégia de saúde da família"
323105,"Outros",2,"Técnico em pecuária"
324115,"Outros",294,"Técnico em radiologia e imagenologia"
324120,"Outros",1,"Tecnólogo em radiologia"
324125,"Outros",1,"Tecnólogo oftálmico"
324205,"Outros",8,"Técnico em patologia clínica"
325105,"Outros",7,"Auxiliar técnico em laboratório de farmácia"
325110,"Outros",12,"Técnico em laboratório de farmácia"
325205,"Outros",126,"Técnico de alimentos"
325210,"Outros",11,"Técnico em nutrição e dietética"
331105,"Outros",114,"Professor de nível médio na educação infantil"
331110,"Outros",63,"Auxiliar de desenvolvimento infantil"
331205,"Outros",25,"Professor de nível médio no ensino fundamental"
331305,"Outros",108,"Professor de nível médio no ensino profissionalizante"
332105,"Outros",6,"Professor leigo no ensino fundamental"
332205,"Outros",21,"Professor prático no ensino profissionalizante"
333105,"Outros",88,"Instrutor de auto-escola"
333110,"Outros",708,"Instrutor de cursos livres"
333115,"Support",461,"Professores de cursos livres"
334105,"Outros",48,"Inspetor de alunos de escola privada"
334110,"Outros",11,"Inspetor de alunos de escola pública"
334115,"Outros",241,"Monitor de transporte escolar"
341105,"Support",580,"Piloto comercial (exceto linhas aéreas)"
341110,"Outros",125,"Piloto comercial de helicóptero (exceto linhas aéreas)"
341115,"Outros",9,"Mecânico de vôo"
341120,"Outros",15,"Piloto agrícola"
341205,"Outros",5,"Contramestre de cabotagem"
341210,"Outros",16,"Mestre de cabotagem"
341215,"Outros",5,"Mestre fluvial"
341230,"Outros",45,"Piloto fluvial"
341305,"Outros",7,"Condutor maquinista motorista fluvial"
341310,"Outros",16,"Condutor de máquinas"
341315,"Outros",31,"Eletricista de bordo"
342105,"Outros",295,"Analista de transporte em comércio exterior"
342110,"Outros",231,"Operador de transporte multimodal"
342115,"Outros",88,"Controlador de serviços de máquinas e veículos"
342120,"Outros",12,"Afretador"
342125,"Outros",961,"Tecnólogo em logística de transporte"
342205,"Support",46,"Ajudante de despachante aduaneiro"
342210,"Outros",1,"Despachante aduaneiro"
342305,"Outros",106,"Chefe de serviço de transporte rodoviário (passageiros e cargas)"
342310,"Outros",72,"Inspetor de serviços de transportes rodoviários (passageiros e cargas)"
342315,"Outros",43,"Supervisor de carga e descarga"
342405,"Outros",19,"Agente de estação (ferrovia e metrô)"
342410,"Outros",36,"Operador de centro de controle (ferrovia e metrô)"
342505,"Outros",8,"Controlador de tráfego aéreo"
342510,"Outros",8,"Despachante operacional de vôo"
342530,"Outros",8,"Inspetor de aviação civil"
342535,"Outros",11,"Operador de atendimento aeroviário"
342540,"Outros",15,"Supervisor da administração de aeroportos"
342545,"Outros",6,"Supervisor de empresa aérea em aeroportos"
342550,"Outros",2,"Agente de proteção de aviação civil"
342555,"Outros",2,"Fiscal de pista de aeroporto"
342605,"Outros",6,"Chefe de estação portuária"
342610,"Outros",108,"Supervisor de operações portuárias"
351105,"Operational",4248,"Técnico de contabilidade"
351110,"Strategic",728,"Chefe de contabilidade (técnico)"
351115,"Outros",703,"Consultor contábil (técnico)"
351305,"Operational",2110,"Técnico em administração"
351310,"Outros",13,"Técnico em administração de comércio exterior"
351315,"Outros",188,"Agente de recrutamento e seleção"
351405,"Outros",19,"Escrevente"
351410,"Outros",6,"Escrivão judicial"
351425,"Outros",40,"Oficial de justiça"
351430,"Operational",10204,"Auxiliar de serviços jurídicos"
351505,"Operational",4903,"Técnico em secretariado"
351510,"Outros",21,"Taquígrafo"
351605,"Operational",2317,"Técnico em segurança do trabalho"
351610,"Outros",1,"Técnico em higiene ocupacional"
351705,"Operational",1133,"Analista de seguros (técnico)"
351710,"Operational",399,"Analista de sinistros"
351715,"Operational",1959,"Assistente comercial de seguros"
351720,"Operational",723,"Assistente técnico de seguros"
351725,"Operational",579,"Inspetor de risco"
351730,"Outros",13,"Inspetor de sinistros"
351735,"Outros",50,"Técnico de resseguros"
351740,"Operational",198,"Técnico de seguros"
351805,"Outros",14,"Detetive profissional"
351905,"Operational",2,"Agente de inteligência"
352205,"Outros",946,"Agente de defesa ambiental"
352210,"Outros",99,"Agente de saúde pública"
352305,"Outros",3,"Metrologista"
352310,"Outros",83,"Agente fiscal de qualidade"
352405,"Outros",6,"Agente de direitos autorais"
352410,"Outros",42,"Avaliador de produtos dos meios de comunicação"
352420,"Outros",3,"Técnico em direitos autorais"
353205,"Operational",11516,"Técnico de operações e serviços bancários - câmbio"
353210,"Operational",1577,"Técnico de operações e serviços bancários - crédito imobiliário"
353215,"Operational",742,"Técnico de operações e serviços bancários - crédito rural"
353220,"Operational",5875,"Técnico de operações e serviços bancários - leasing"
353225,"Operational",22076,"Técnico de operações e serviços bancários - renda fixa e variável"
353230,"Strategic",1318,"Tesoureiro de banco"
353235,"Strategic",91126,"Chefe de serviços bancários"
354120,"Operational",2066,"Agente de vendas de serviços"
354125,"Operational",45301,"Assistente de vendas"
354130,"Operational",6531,"Promotor de vendas especializado"
354135,"Operational",1638,"Técnico de vendas"
354140,"Operational",3435,"Técnico em atendimento e vendas"
354145,"Support",6176,"Vendedor pracista"
354150,"Outros",181,"Propagandista de produtos famacêuticos"
354205,"Outros",9335,"Comprador"
354210,"Support",1508,"Supervisor de compras"
354305,"Outros",692,"Analista de exportação e importação"
354405,"Outros",3,"Leiloeiro"
354410,"Operational",54,"Avaliador de imóveis"
354415,"Outros",56,"Avaliador de bens móveis"
354505,"Operational",34,"Corretor de seguros"
354605,"Outros",575,"Corretor de imóveis"
354705,"Outros",715,"Representante comercial autônomo"
354805,"Outros",27,"Técnico em turismo"
354810,"Outros",132,"Operador de turismo"
354815,"Outros",227,"Agente de viagem"
354820,"Support",148,"Organizador de evento"
371105,"Outros",33,"Auxiliar de biblioteca"
371110,"Outros",10,"Técnico em biblioteconomia"
371305,"Outros",21,"Técnico em programação visual"
371310,"Outros",31,"Técnico gráfico"
371405,"Outros",5,"Recreador de acantonamento"
371410,"Outros",273,"Recreador"
372105,"Outros",2,"Diretor de fotografia"
372115,"Support",43,"Operador de câmera de televisão"
372205,"Operational",264,"Operador de rede de teleprocessamento"
373105,"Outros",1,"Operador de mídia audiovisual"
373130,"Outros",1,"Técnico de sistemas audiovisuais"
373140,"Outros",35,"Coordenador de programação"
373145,"Outros",4,"Assistente de operações audiovisuais"
373220,"Outros",52,"Supervisor técnico operacional de sistemas de televisão e produtoras de vídeo"
374105,"Outros",29,"Técnico em gravação de áudio"
374110,"Outros",50,"Técnico em instalação de equipamentos de áudio"
374115,"Outros",1,"Técnico em masterização de áudio"
374120,"Outros",2,"Projetista de som"
374125,"Outros",1,"Técnico em sonorização"
374135,"Outros",6,"Projetista de sistemas de áudio"
374145,"Outros",1,"Dj (disc jockey)"
374210,"Outros",15,"Maquinista de cinema e vídeo"
374305,"Outros",1,"Operador de projetor cinematográfico"
374405,"Outros",59,"Editor de mídia audiovisual"
374415,"Outros",14,"Finalizador de vídeo"
374420,"Outros",199,"Montador de filmes"
374425,"Outros",3,"Diretor de imagens (tv)"
375105,"Outros",27,"Designer de interiores"
375110,"Support",46,"Designer de vitrines"
375115,"Outros",140,"Visual merchandiser"
375120,"Outros",11,"Decorador de eventos"
376225,"Outros",12,"Domador de animais (circense)"
376245,"Outros",2,"Palhaço"
376305,"Outros",3,"Apresentador de eventos"
376310,"Outros",1,"Apresentador de festas populares"
377105,"Outros",37,"Atleta profissional (outras modalidades)"
377110,"Outros",73,"Atleta profissional de futebol"
377140,"Outros",9,"Profissional de atletismo"
377205,"Outros",11,"Árbitro desportivo"
377230,"Outros",1,"Árbitro de judô"
391105,"Outros",235,"Cronoanalista"
391110,"Outros",8,"Cronometrista"
391115,"Outros",562,"Controlador de entrada e saída"
391120,"Outros",134,"Planejista"
391125,"Outros",1051,"Técnico de planejamento de produção"
391130,"Outros",291,"Técnico de planejamento e programação da manutenção"
391135,"Outros",96,"Técnico de matéria-prima e material"
391145,"Operational",88,"Analista de planejamento de manutenção"
391205,"Outros",1396,"Inspetor de qualidade"
391210,"Support",2459,"Técnico de garantia da qualidade"
391215,"Operational",143,"Operador de inspeção de qualidade"
391220,"Outros",8,"Técnico de painel de controle"
391230,"Outros",20,"Técnico operacional de serviços de correios"
395105,"Operational",462,"Técnico de apoio em pesquisa e desenvolvimento (exceto agropecuário e florestal)"
395110,"Outros",3,"Técnico de apoio em pesquisa e desenvolvimento agropecuário florestal"
410105,"Strategic",178494,"Supervisor administrativo"
410205,"Strategic",363,"Supervisor de almoxarifado"
410210,"Strategic",986,"Supervisor de câmbio"
410215,"Strategic",1290,"Supervisor de contas a pagar"
410220,"Strategic",1113,"Supervisor de controle patrimonial"
410225,"Strategic",8443,"Supervisor de crédito e cobrança"
410230,"Strategic",799,"Supervisor de orçamento"
410235,"Strategic",4716,"Supervisor de tesouraria"
410240,"Strategic",172,"Supervisor de logística"
411005,"Operational",114365,"Auxiliar de escritório"
411010,"Operational",236111,"Assistente administrativo"
411015,"Operational",90,"Atendente de judiciário"
411020,"Operational",228,"Auxiliar de judiciário"
411025,"Outros",37,"Auxiliar de cartório"
411030,"Operational",2356,"Auxiliar de pessoal"
411035,"Support",41,"Auxiliar de estatística"
411040,"Operational",119,"Auxiliar de seguros"
411045,"Outros",117,"Auxiliar de serviços de importação e exportação"
411050,"Operational",1785,"Agente de microcrédito"
412105,"Outros",57,"Datilógrafo"
412110,"Outros",2639,"Digitador"
412115,"Support",3,"Operador de mensagens de telecomunicações (correios)"
412120,"Strategic",263,"Supervisor de digitação e operação"
412205,"Outros",6032,"Contínuo"
413105,"Operational",2817,"Analista de folha de pagamento"
413110,"Operational",15203,"Auxiliar de contabilidade"
413115,"Operational",2173,"Auxiliar de faturamento"
413205,"Support",96072,"Atendente de agência"
413210,"Operational",479370,"Caixa de banco"
413215,"Operational",641,"Compensador de banco"
413220,"Operational",317,"Conferente de serviços bancários"
413225,"Strategic",148958,"Escriturário de banco"
413230,"Operational",7765,"Operador de cobrança bancária"
414105,"Support",2857,"Almoxarife"
414110,"Support",527,"Armazenista"
414115,"Outros",64,"Balanceiro"
414120,"Outros",89,"Conferente mercadoria (exceto carga e descarga)"
414125,"Outros",173,"Estoquista"
414135,"Support",84,"Expedidor de mercadorias"
414140,"Support",461,"Auxiliar de logistica"
414205,"Outros",164,"Apontador de mão-de-obra"
414210,"Outros",338,"Apontador de produção"
414215,"Outros",540,"Conferente de carga e descarga"
415105,"Operational",328,"Arquivista de documentos"
415115,"Operational",101,"Codificador de dados"
415120,"Outros",16,"Fitotecário"
415130,"Outros",15,"Operador de máquina copiadora (exceto operador de gráfica rápida)"
415205,"Outros",26,"Carteiro"
415210,"Outros",13,"Operador de triagem e transbordo"
420105,"Strategic",2220,"Supervisor de caixas e bilheteiros (exceto caixa de banco)"
420110,"Strategic",2957,"Supervisor de cobrança"
420115,"Outros",33,"Supervisor de coletadores de apostas e de jogos"
420120,"Outros",9,"Supervisor de entrevistadores e recenseadores"
420125,"Strategic",118,"Supervisor de recepcionistas"
420130,"Strategic",17,"Supervisor de telefonistas"
420135,"Strategic",7020,"Supervisor de telemarketing e atendimento"
421105,"Support",510,"Atendente comercial (agência postal)"
421110,"Outros",34,"Bilheteiro de transportes coletivos"
421115,"Outros",25,"Bilheteiro no serviço de diversões"
421120,"Outros",31,"Emissor de passagens"
421125,"Operational",2954,"Operador de caixa"
421205,"Outros",205,"Recebedor de apostas (loteria)"
421210,"Outros",6,"Recebedor de apostas (turfe)"
421305,"Operational",1252,"Cobrador externo"
421310,"Operational",11615,"Cobrador interno"
421315,"Outros",381,"Localizador (cobrador)"
422105,"Support",11239,"Recepcionista, em geral"
422110,"Outros",256,"Recepcionista de consultório médico ou dentário"
422115,"Outros",7,"Recepcionista de seguro saúde"
422120,"Outros",426,"Recepcionista de hotel"
422125,"Support",719,"Recepcionista de banco"
422130,"Outros",9,"Concierge"
422205,"Support",1433,"Telefonista"
422210,"Outros",124,"Teleoperador"
422220,"Outros",23,"Operador de rádio-chamada"
422305,"Support",2391,"Operador de telemarketing ativo"
422310,"Support",26563,"Operador de telemarketing ativo e receptivo"
422315,"Support",39576,"Operador de telemarketing receptivo"
422320,"Support",282,"Operador de telemarketing técnico"
422335,"Outros",51,"Monitor de teleatendimento"
423105,"Support",263,"Despachante documentalista"
423110,"Outros",8,"Despachante de trânsito"
424105,"Outros",26,"Entrevistador censitário e de pesquisas amostrais"
424110,"Outros",5,"Entrevistador de pesquisa de opinião e mídia"
424115,"Support",36,"Entrevistador de pesquisas de mercado"
424120,"Outros",49,"Entrevistador de preços"
424125,"Support",85,"Escriturário  em  estatística"
510105,"Outros",61,"Supervisor de transportes"
510110,"Outros",52,"Administrador de edifícios"
510115,"Outros",71,"Supervisor de andar"
510120,"Outros",24,"Chefe de portaria de hotel"
510130,"Outros",72,"Chefe de bar"
510135,"Outros",92,"Maître"
510205,"Outros",21,"Supervisor de lavanderia"
510305,"Outros",20,"Supervisor de bombeiros"
510310,"Support",1529,"Supervisor de vigilantes"
511105,"Outros",75,"Comissário de vôo"
511110,"Outros",7,"Comissário de trem"
511115,"Outros",8,"Taifeiro (exceto militares)"
511205,"Outros",87,"Fiscal de transportes coletivos (exceto trem)"
511210,"Outros",83,"Despachante de transportes coletivos (exceto trem)"
511215,"Outros",40,"Cobrador de transportes coletivos (exceto trem)"
511405,"Outros",2,"Guia de turismo"
512105,"Support",680,"Empregado  doméstico  nos serviços gerais"
512110,"Outros",56,"Empregado doméstico  arrumador"
512115,"Support",17,"Empregado doméstico  faxineiro"
512120,"Outros",3,"Empregado doméstico diarista"
513105,"Outros",186,"Mordomo de residência"
513110,"Outros",22,"Mordomo de hotelaria"
513115,"Outros",117,"Governanta de hotelaria"
513205,"Support",1790,"Cozinheiro geral"
513210,"Outros",108,"Cozinheiro do serviço doméstico"
513215,"Outros",57,"Cozinheiro industrial"
513220,"Outros",5,"Cozinheiro de hospital"
513225,"Outros",20,"Cozinheiro de embarcações"
513305,"Outros",1,"Camareiro de teatro"
513310,"Outros",22,"Camareiro de televisão"
513315,"Outros",531,"Camareiro  de hotel"
513320,"Outros",2,"Camareiro de embarcações"
513405,"Outros",1136,"Garçom"
513410,"Outros",8,"Sommelier"
513415,"Outros",93,"Cumim"
513420,"Outros",94,"Barman"
513425,"Support",3956,"Copeiro"
513430,"Outros",2,"Copeiro de hospital"
513435,"Outros",841,"Atendente de lanchonete"
513440,"Outros",9,"Barista"
513505,"Outros",449,"Auxiliar nos serviços de alimentação"
513605,"Outros",28,"Churrasqueiro"
513610,"Outros",12,"Pizzaiolo"
513615,"Outros",22,"Sushiman"
514105,"Outros",41,"Ascensorista"
514110,"Outros",529,"Garagista"
514120,"Support",2501,"Zelador de edifício"
514205,"Support",664,"Coletor de lixo domiciliar"
514215,"Outros",15,"Varredor de rua"
514225,"Support",2692,"Trabalhador de serviços de limpeza e conservação de áreas públicas"
514230,"Outros",85,"Coletor de resíduos sólidos de serviços de saúde"
514305,"Outros",65,"Limpador de vidros"
514310,"Support",1832,"Auxiliar de manutenção predial"
514315,"Outros",11,"Limpador de fachadas"
514320,"Support",14910,"Faxineiro"
514325,"Support",4155,"Trabalhador da manutenção de edificações"
514330,"Outros",38,"Limpador de piscinas"
515105,"Outros",5,"Agente comunitário de saúde"
515110,"Outros",23,"Atendente de enfermagem"
515115,"Outros",4,"Parteira leiga"
515120,"Outros",18,"Visitador sanitário"
515205,"Outros",4,"Auxiliar de banco de sangue"
515210,"Outros",25,"Auxiliar de farmácia de manipulação"
515215,"Outros",42,"Auxiliar de laboratório de análises clínicas"
515220,"Outros",1,"Auxiliar de laboratório de imunobiológicos"
515225,"Outros",19,"Auxiliar de produção farmacêutica"
515305,"Outros",15,"Educador social"
515310,"Outros",68,"Agente de ação social"
515320,"Outros",3,"Conselheiro tutelar"
516110,"Outros",21,"Cabeleireiro"
516120,"Outros",28,"Manicure/pedicure"
516125,"Outros",5,"Maquiador"
516205,"Outros",70,"Babá"
516210,"Outros",75,"Cuidador de idosos"
516215,"Outros",6,"Mãe social"
516305,"Outros",18,"Lavadeiro, em geral"
516310,"Outros",4,"Lavador de roupas  a maquina"
516315,"Outros",2,"Lavador de artefatos de tapeçaria"
516320,"Outros",13,"Limpador a seco, à máquina"
516325,"Outros",5,"Passador de roupas em geral"
516335,"Outros",1,"Conferente-expedidor de roupas (lavanderias)"
516345,"Outros",175,"Auxiliar de lavanderia"
516405,"Outros",6,"Lavador de roupas"
516415,"Outros",20,"Passador de roupas, à mão"
516505,"Outros",6,"Agente funerário"
516605,"Outros",1,"Operador de forno (serviços funerários)"
516610,"Outros",55,"Sepultador"
516705,"Outros",1,"Astrólogo"
517105,"Outros",1,"Bombeiro de aeródromo"
517110,"Outros",274,"Bombeiro civil"
517115,"Outros",13,"Salva-vidas"
517215,"Outros",1,"Guarda-civil municipal"
517220,"Outros",12,"Agente de trânsito"
517310,"Support",687,"Agente de segurança"
517320,"Outros",25,"Vigia florestal"
517330,"Support",2731,"Vigilante"
517405,"Outros",306,"Porteiro (hotel)"
517410,"Support",2877,"Porteiro de edifícios"
517415,"Support",597,"Agente de portaria"
517420,"Support",5233,"Vigia"
517425,"Outros",598,"Fiscal de loja"
519105,"Outros",24,"Ciclista mensageiro"
519110,"Outros",1312,"Motofretista"
519115,"Outros",5,"Mototaxista"
519205,"Outros",1,"Catador de material reciclável"
519210,"Outros",3,"Selecionador de material reciclável"
519215,"Outros",11,"Operador de prensa de material reciclável"
519305,"Outros",5,"Auxiliar de veterinário"
519310,"Outros",2,"Esteticista de animais domésticos"
519315,"Outros",38,"Banhista de animais domésticos"
519320,"Outros",59,"Tosador de animais domésticos"
519905,"Outros",29,"Cartazeiro"
519910,"Outros",46,"Controlador de pragas"
519920,"Outros",1,"Gandula"
519925,"Outros",271,"Guardador de veículos"
519930,"Outros",58,"Lavador de garrafas, vidros e outros utensílios"
519935,"Outros",184,"Lavador de veículos"
519940,"Outros",45,"Leiturista"
519945,"Outros",2,"Recepcionista de casas de espetáculos"
520105,"Operational",1135,"Supervisor de vendas de serviços"
520110,"Operational",9838,"Supervisor de vendas comercial"
521105,"Outros",1419,"Vendedor em comércio atacadista"
521110,"Outros",13588,"Vendedor de comércio varejista"
521115,"Operational",5508,"Promotor de vendas"
521120,"Outros",150,"Demonstrador de mercadorias"
521125,"Outros",671,"Repositor de mercadorias"
521130,"Outros",139,"Atendente de farmácia - balconista"
521135,"Outros",254,"Frentista"
521140,"Outros",242,"Atendente de lojas e mercados"
523105,"Outros",16,"Instalador de cortinas e persianas, portas sanfonadas e boxe"
523110,"Outros",18,"Instalador de som e acessórios de veículos"
524105,"Outros",43500,"Vendedor em domicílio"
524215,"Outros",190,"Vendedor  permissionário"
524305,"Outros",2464,"Vendedor ambulante"
524310,"Outros",7,"Pipoqueiro ambulante"
611005,"Outros",26,"Produtor agropecuário, em geral"
612005,"Outros",23,"Produtor agrícola polivalente"
612125,"Outros",4,"Produtor de milho e sorgo"
612305,"Outros",37,"Produtor na olericultura de legumes"
612315,"Outros",2,"Produtor na olericultura de talos, folhas e flores"
612510,"Outros",14,"Produtor de espécies frutíferas rasteiras"
612605,"Outros",2,"Cafeicultor"
613010,"Outros",1,"Criador de animais domésticos"
613215,"Outros",1,"Criador de suínos"
613405,"Outros",1,"Apicultor"
613420,"Outros",1,"Sericultor"
620105,"Outros",141,"Supervisor de exploração agrícola"
620110,"Outros",172,"Supervisor de exploração agropecuária"
620115,"Outros",114,"Supervisor de exploração pecuária"
621005,"Outros",2318,"Trabalhador agropecuário em geral"
622005,"Outros",1149,"Caseiro (agricultura)"
622010,"Outros",1487,"Jardineiro"
622015,"Outros",45,"Trabalhador na produção de mudas e sementes"
622020,"Outros",910,"Trabalhador volante da agricultura"
622105,"Outros",5,"Trabalhador da cultura de arroz"
622110,"Outros",2994,"Trabalhador da cultura de cana-de-açúcar"
622115,"Outros",1,"Trabalhador da cultura de milho e sorgo"
622305,"Outros",7,"Trabalhador na olericultura (frutos e sementes)"
622320,"Outros",4,"Trabalhador na olericultura (talos, folhas e flores)"
622405,"Outros",5,"Trabalhador no cultivo de flores e folhagens de corte"
622415,"Outros",3,"Trabalhador no cultivo de forrações"
622420,"Outros",16,"Trabalhador no cultivo de mudas"
622505,"Outros",62,"Trabalhador no cultivo de árvores frutíferas"
622605,"Outros",33,"Trabalhador da cultura de cacau"
622610,"Outros",103,"Trabalhador da cultura de café"
622615,"Outros",4,"Trabalhador da cultura de erva-mate"
622730,"Outros",4,"Trabalhador na cultura de soja"
622805,"Outros",12,"Trabalhador da cultura de especiarias"
622810,"Outros",1,"Trabalhador da cultura de plantas aromáticas e medicinais"
623005,"Outros",51,"Adestrador de animais"
623010,"Outros",4,"Inseminador"
623015,"Outros",118,"Trabalhador de pecuária polivalente"
623020,"Outros",322,"Tratador de animais"
623105,"Outros",56,"Trabalhador da pecuária (asininos e muares)"
623110,"Outros",1281,"Trabalhador da pecuária (bovinos corte)"
623115,"Outros",83,"Trabalhador da pecuária (bovinos leite)"
623120,"Outros",30,"Trabalhador da pecuária (bubalinos)"
623125,"Outros",83,"Trabalhador da pecuária (eqüinos)"
623305,"Outros",31,"Trabalhador da avicultura de corte"
623310,"Outros",1,"Trabalhador da avicultura de postura"
623325,"Outros",2,"Sexador"
623410,"Outros",10,"Trabalhador na apicultura"
630105,"Outros",36,"Supervisor da aqüicultura"
630110,"Outros",129,"Supervisor da área florestal"
631325,"Outros",18,"Criador de peixes"
631415,"Outros",1,"Proeiro"
631420,"Outros",35,"Redeiro (pesca)"
632005,"Outros",4,"Guia florestal"
632015,"Outros",26,"Viveirista florestal"
632105,"Outros",6,"Classificador de toras"
632110,"Outros",8,"Cubador de madeira"
632115,"Outros",10,"Identificador florestal"
632120,"Outros",67,"Operador de motosserra"
632125,"Outros",279,"Trabalhador de extração florestal, em geral"
632205,"Outros",1,"Seringueiro"
632310,"Outros",3,"Trabalhador da exploração de babaçu"
632505,"Outros",1,"Trabalhador da exploração de árvores e arbustos produtores de substâncias aromát., Medic. E tóxicas"
632515,"Outros",3,"Trabalhador da exploração de madeiras tanantes"
632605,"Outros",1,"Carvoeiro"
632610,"Outros",3,"Carbonizador"
632615,"Outros",17,"Ajudante de carvoaria"
641005,"Outros",203,"Operador de colheitadeira"
641010,"Outros",826,"Operador de máquinas de beneficiamento de produtos agrícolas"
641015,"Outros",721,"Tratorista agrícola"
642005,"Outros",64,"Operador de colhedor florestal"
642010,"Outros",53,"Operador de máquinas florestais estáticas"
642015,"Outros",107,"Operador de trator florestal"
643005,"Outros",2,"Trabalhador na operação de sistema de irrigação localizada (microaspersão e gotejamento)"
643010,"Outros",5,"Trabalhador na operação de sistema de irrigação por aspersão (pivô central)"
643025,"Outros",2,"Trabalhador na operação de sistemas de irrigação por superfície e drenagem"
710105,"Outros",60,"Supervisor de apoio operacional na mineração"
710110,"Outros",1,"Supervisor de extração de sal"
710115,"Outros",13,"Supervisor de perfuração e desmonte"
710120,"Outros",89,"Supervisor de produção na mineração"
710125,"Outros",4,"Supervisor de transporte na mineração"
710205,"Outros",2146,"Mestre (construção civil)"
710210,"Outros",9,"Mestre de linhas (ferrovias)"
710215,"Outros",33,"Inspetor de terraplenagem"
710220,"Outros",23,"Supervisor de usina de concreto"
710225,"Outros",12,"Fiscal de pátio de usina de concreto"
711105,"Outros",74,"Amostrador de minérios"
711115,"Outros",4,"Destroçador de pedra"
711120,"Outros",5,"Detonador"
711125,"Outros",1,"Escorador de minas"
711130,"Outros",137,"Mineiro"
711205,"Outros",24,"Operador de caminhão (minas e pedreiras)"
711210,"Outros",92,"Operador de carregadeira"
711215,"Outros",5,"Operador de máquina cortadora (minas e pedreiras)"
711220,"Outros",1,"Operador de máquina de extração contínua (minas de carvão)"
711230,"Outros",16,"Operador de máquina perfuratriz"
711245,"Outros",35,"Operador de trator (minas e pedreiras)"
711305,"Outros",75,"Operador de sonda de percussão"
711315,"Outros",12,"Sondador (poços de petróleo e gás)"
711320,"Outros",8,"Sondador de poços (exceto de petróleo e gás)"
711325,"Outros",9,"Plataformista (petróleo)"
711405,"Outros",2,"Garimpeiro"
712110,"Outros",12,"Operador de aparelho de flotação"
712120,"Outros",12,"Operador de britador de mandíbulas"
712125,"Outros",8,"Operador de espessador"
712130,"Outros",12,"Operador de jig (minas)"
712135,"Outros",3,"Operador de peneiras hidráulicas"
712205,"Outros",4,"Cortador de pedras"
712220,"Outros",4,"Polidor de pedras"
715105,"Outros",6,"Operador de bate-estacas"
715110,"Outros",20,"Operador de compactadora de solos"
715115,"Outros",330,"Operador de escavadeira"
715120,"Outros",12,"Operador de máquina de abrir valas"
715125,"Outros",465,"Operador de máquinas de construção civil e mineração"
715130,"Outros",85,"Operador de motoniveladora"
715135,"Outros",100,"Operador de pá carregadeira"
715140,"Outros",54,"Operador de pavimentadora (asfalto, concreto e materiais similares)"
715145,"Outros",229,"Operador de trator de lâmina"
715205,"Outros",34,"Calceteiro"
715210,"Outros",7691,"Pedreiro"
715215,"Outros",1,"Pedreiro (chaminés industriais)"
715220,"Outros",18,"Pedreiro (material refratário)"
715230,"Outros",698,"Pedreiro de edificações"
715305,"Outros",447,"Armador de estrutura de concreto"
715310,"Outros",3,"Moldador de corpos de prova em usinas de concreto"
715315,"Outros",390,"Armador de estrutura de concreto armado"
715405,"Outros",214,"Operador de betoneira"
715410,"Outros",9,"Operador de bomba de concreto"
715415,"Outros",60,"Operador de central de concreto"
715505,"Outros",1433,"Carpinteiro"
715510,"Outros",40,"Carpinteiro (esquadrias)"
715515,"Outros",9,"Carpinteiro (cenários)"
715525,"Outros",687,"Carpinteiro de obras"
715530,"Outros",5,"Carpinteiro (telhados)"
715535,"Outros",46,"Carpinteiro de fôrmas para concreto"
715540,"Outros",1,"Carpinteiro de obras civis de arte (pontes, túneis, barragens)"
715545,"Outros",175,"Montador de andaimes (edificações)"
715605,"Outros",4,"Eletricista de instalações (cenários)"
715610,"Outros",315,"Eletricista de instalações (edifícios)"
715615,"Outros",849,"Eletricista de instalações"
715705,"Outros",20,"Aplicador de asfalto impermeabilizante (coberturas)"
715710,"Outros",4,"Instalador de isolantes acústicos"
715715,"Outros",8,"Instalador de isolantes térmicos (refrigeração e climatização)"
715725,"Outros",146,"Instalador de material isolante, a mão (edificações)"
715730,"Outros",1,"Instalador de material isolante, à máquina (edificações)"
716105,"Outros",14,"Acabador de superfícies de concreto"
716110,"Outros",3,"Revestidor de superfícies de concreto"
716205,"Outros",4,"Telhador (telhas de argila e materiais similares)"
716305,"Outros",12,"Vidraceiro"
716405,"Outros",49,"Gesseiro"
716510,"Outros",27,"Assentador de revestimentos cerâmicos"
716525,"Outros",9,"Marmorista (construção)"
716605,"Outros",1,"Calafetador"
716610,"Outros",776,"Pintor de obras"
716615,"Outros",34,"Revestidor de interiores (papel, material plástico e emborrachados)"
717005,"Outros",23,"Demolidor de edificações"
717010,"Outros",43,"Operador de martelete"
717015,"Outros",2,"Poceiro (edificações)"
717020,"Outros",11865,"Servente de obras"
720105,"Outros",6,"Mestre (afiador de ferramentas)"
720110,"Outros",3,"Mestre de caldeiraria"
720135,"Outros",17,"Mestre de pintura (tratamento de superfícies)"
720140,"Outros",15,"Mestre de soldagem"
720145,"Outros",16,"Mestre de trefilação de metais"
720150,"Outros",5,"Mestre de usinagem"
720155,"Outros",2,"Mestre serralheiro"
720160,"Outros",5,"Supervisor de controle de tratamento térmico"
720205,"Outros",7,"Mestre (construção naval)"
720210,"Outros",14,"Mestre (indústria de automotores e material de transportes)"
720215,"Outros",13,"Mestre (indústria de máquinas e outros equipamentos mecânicos)"
720220,"Outros",2,"Mestre de construção de fornos"
721105,"Outros",42,"Ferramenteiro"
721110,"Outros",3,"Ferramenteiro de mandris, calibradores e outros dispositivos"
721115,"Outros",2,"Modelador de metais (fundição)"
721205,"Outros",2,"Operador de máquina de eletroerosão"
721210,"Outros",104,"Operador de máquinas operatrizes"
721215,"Outros",274,"Operador de máquinas-ferramenta convencionais"
721220,"Outros",2,"Operador de usinagem convencional por abrasão"
721225,"Outros",27,"Preparador de máquinas-ferramenta"
721305,"Outros",2,"Afiador de cardas"
721325,"Outros",99,"Polidor de metais"
721405,"Outros",80,"Operador de centro de usinagem com comando numérico"
721410,"Outros",1,"Operador de fresadora com comando numérico"
721415,"Outros",1,"Operador de mandriladora com comando numérico"
721425,"Outros",3,"Operador de retificadora com comando numérico"
721430,"Outros",2,"Operador de torno com comando numérico"
722105,"Outros",29,"Forjador"
722110,"Outros",3,"Forjador a martelo"
722205,"Outros",3,"Fundidor de metais"
722210,"Outros",2,"Operador de lingotamento"
722215,"Outros",13,"Operador de acabamento de peças fundidas"
722220,"Outros",5,"Operador de máquina de fundição"
722310,"Outros",2,"Macheiro, a  máquina"
722320,"Outros",15,"Moldador, a  máquina"
722325,"Outros",14,"Operador de equipamentos de preparação de areia"
723120,"Outros",211,"Operador de forno de tratamento térmico de metais"
723125,"Outros",7,"Temperador de metais e de compósitos"
723215,"Outros",15,"Galvanizador"
723305,"Outros",2,"Operador de equipamento de secagem de pintura"
723310,"Outros",42,"Pintor a pincel e rolo (exceto obras e estruturas metálicas)"
723315,"Outros",96,"Pintor de estruturas metálicas"
723320,"Outros",23,"Pintor de veículos (fabricação)"
723330,"Outros",82,"Pintor, a  pistola (exceto obras e estruturas metálicas)"
724105,"Outros",7,"Assentador de canalização (edificações)"
724110,"Outros",742,"Encanador"
724115,"Outros",41,"Instalador de tubulações"
724130,"Outros",10,"Instalador de tubulações de gás combustível (produção e distribuição)"
724205,"Outros",75,"Montador de estruturas metálicas"
724210,"Outros",126,"Montador de estruturas metálicas de embarcações"
724215,"Outros",1,"Rebitador a  martelo pneumático"
724220,"Outros",23,"Preparador de estruturas metálicas"
724230,"Outros",4,"Rebitador, a  mão"
724305,"Outros",13,"Brasador"
724315,"Outros",740,"Soldador"
724325,"Outros",39,"Soldador elétrico"
724405,"Outros",3,"Caldeireiro (chapas de cobre)"
724410,"Outros",76,"Caldeireiro (chapas de ferro e aço)"
724415,"Outros",2,"Chapeador"
724420,"Outros",9,"Chapeador de carrocerias metálicas (fabricação)"
724435,"Outros",15,"Funileiro industrial"
724440,"Outros",232,"Serralheiro"
724505,"Outros",3,"Operador de máquina de cilindrar chapas"
724510,"Outros",9,"Operador de máquina de dobrar chapas"
724515,"Outros",2,"Prensista (operador de prensa)"
724610,"Outros",5,"Trançador de cabos de aço"
725005,"Outros",5,"Ajustador ferramenteiro"
725010,"Outros",69,"Ajustador mecânico"
725015,"Outros",7,"Ajustador mecânico (usinagem em bancada e em máquinas-ferramentas)"
725025,"Outros",25,"Ajustador naval (reparo e construção)"
725105,"Outros",8,"Montador de máquinas, motores e acessórios (montagem em série)"
725205,"Outros",56,"Montador de máquinas"
725210,"Outros",2,"Montador de máquinas gráficas"
725225,"Outros",2,"Montador de máquinas-ferramentas (usinagem de metais)"
725315,"Outros",4,"Montador de máquinas de minas e pedreiras"
725405,"Outros",9,"Mecânico montador de motores de aeronaves"
725415,"Outros",6,"Mecânico montador de motores de explosão e diesel"
725420,"Outros",41,"Mecânico montador de turboalimentadores"
725505,"Outros",15,"Montador de veículos (linha de montagem)"
725610,"Outros",1,"Montador de sistemas de combustível de aeronaves"
725705,"Outros",90,"Mecânico de refrigeração"
730105,"Outros",140,"Supervisor de montagem e instalação eletroeletrônica"
731110,"Support",22,"Montador de equipamentos eletrônicos (computadores e equipamentos auxiliares)"
731115,"Outros",21,"Montador de equipamentos elétricos (instrumentos de medição)"
731120,"Outros",1,"Montador de equipamentos elétricos (aparelhos eletrodomésticos)"
731125,"Outros",63,"Montador de equipamentos elétricos (centrais elétricas)"
731135,"Outros",20,"Montador de equipamentos elétricos"
731140,"Outros",1,"Montador de equipamentos eletrônicos (instalações de sinalização)"
731150,"Outros",93,"Montador de equipamentos eletrônicos"
731155,"Outros",5,"Montador de equipamentos elétricos (elevadores e equipamentos similares)"
731160,"Outros",117,"Montador de equipamentos elétricos (transformadores)"
731165,"Outros",3,"Bobinador eletricista, à mão"
731170,"Outros",44,"Bobinador eletricista, à máquina"
731175,"Outros",3,"Operador de linha de montagem (aparelhos elétricos)"
731180,"Outros",83,"Operador de linha de montagem (aparelhos eletrônicos)"
731205,"Outros",65,"Montador de equipamentos eletrônicos (estação de rádio, tv e equipamentos de radar)"
731305,"Outros",6,"Instalador-reparador de equipamentos de comutação em telefonia"
731320,"Outros",122,"Instalador-reparador de linhas e aparelhos de telecomunicações"
731325,"Outros",13,"Instalador-reparador de redes e cabos telefônicos"
732105,"Outros",122,"Eletricista de manutenção de linhas elétricas, telefônicas e de comunicação de dados"
732110,"Outros",28,"Emendador de cabos elétricos e telefônicos (aéreos e subterrâneos)"
732120,"Outros",39,"Instalador de linhas elétricas de alta e baixa - tensão (rede aérea e subterrânea)"
732130,"Outros",21,"Instalador-reparador de redes telefônicas e de comunicação de dados"
732135,"Outros",12,"Ligador de linhas telefônicas"
732140,"Outros",16,"Instalador de sistemas fotovoltaicos"
740105,"Outros",1,"Supervisor da mecânica de precisão"
741105,"Outros",9,"Ajustador de instrumentos de precisão"
741110,"Outros",5,"Montador de instrumentos de óptica"
742110,"Outros",1,"Confeccionador de acordeão"
750205,"Outros",14,"Supervisor da indústria de minerais não metálicos (exceto os derivados de petróleo e carvão)"
751125,"Outros",5,"Ourives"
752210,"Outros",2,"Cortador de vidro"
752220,"Outros",7,"Gravador de vidro a  esmeril"
752235,"Outros",1,"Surfassagista"
752430,"Outros",2,"Pintor de cerâmica, a  pincel"
760105,"Outros",53,"Contramestre de acabamento (indústria têxtil)"
760110,"Outros",1,"Contramestre de fiação (indústria têxtil)"
760125,"Outros",3,"Mestre (indústria têxtil e de confecções)"
760305,"Outros",10,"Encarregado de corte na confecção do vestuário"
760310,"Outros",22,"Encarregado de costura na confecção do vestuário"
760405,"Outros",2,"Supervisor  (indústria de calçados e artefatos de couro)"
760505,"Outros",12,"Supervisor da confecção de artefatos de tecidos, couros e afins"
760605,"Outros",23,"Supervisor das artes gráficas  (indústria editorial e gráfica)"
761005,"Outros",728,"Operador polivalente da indústria têxtil"
761220,"Outros",1,"Operador de cardas"
761230,"Outros",38,"Operador de filatório"
761240,"Outros",4,"Operador de maçaroqueira"
761245,"Outros",3,"Operador de open-end"
761306,"Outros",4,"Tecelão (rendas e bordados)"
761309,"Outros",10,"Tecelão (tear automático)"
761321,"Outros",3,"Tecelão (tear mecânico liso)"
761330,"Outros",2,"Tecelão de malhas (máquina circular)"
761410,"Outros",1,"Estampador de tecido"
761430,"Outros",10,"Operador de máquina de lavar fios e tecidos"
761815,"Outros",216,"Revisor de tecidos acabados"
762005,"Outros",3,"Trabalhador polivalente do curtimento de couros e peles"
762315,"Outros",1,"Lixador de couros e peles"
762325,"Outros",12,"Operador de máquinas do acabamento de couros e peles"
762330,"Outros",1,"Prensador de couros e peles"
762345,"Outros",19,"Vaqueador de couros e peles"
763005,"Outros",1,"Alfaiate"
763010,"Outros",13,"Costureira de peças sob encomenda"
763015,"Outros",34,"Costureira de reparação de roupas"
763020,"Outros",3,"Costureiro de roupa de couro e pele"
763105,"Outros",54,"Auxiliar de corte (preparação da confecção de roupas)"
763115,"Outros",1,"Enfestador de roupas"
763125,"Outros",146,"Ajudante de confecção"
763205,"Outros",2,"Costureiro de roupas de couro e pele, a  máquina na  confecção em série"
763210,"Outros",106,"Costureiro na confecção em série"
763215,"Outros",25,"Costureiro, a  máquina  na confecção em série"
763305,"Outros",3,"Arrematadeira"
763310,"Outros",9,"Bordador, à máquina"
763320,"Outros",165,"Operador de máquina de costura de acabamento"
763325,"Outros",1,"Passadeira de peças confeccionadas"
764005,"Outros",12,"Trabalhador polivalente da confecção de calçados"
764115,"Outros",2,"Preparador de calçados"
764120,"Outros",21,"Preparador de solas e palmilhas"
764305,"Outros",14,"Acabador de calçados"
765105,"Outros",10,"Cortador de artefatos de couro (exceto roupas e calçados)"
765110,"Outros",8,"Cortador de tapeçaria"
765205,"Outros",6,"Colchoeiro (confecção de colchões)"
765235,"Outros",30,"Estofador de móveis"
765315,"Outros",4,"Montador de artefatos de couro (exceto roupas e calçados)"
766115,"Outros",18,"Gravador de matriz para flexografia (clicherista)"
766120,"Outros",29,"Editor de texto e imagem"
766145,"Outros",5,"Operador de sistemas de prova (analógico e digital)"
766150,"Outros",1,"Operador de processo de tratamento de imagem"
766155,"Outros",17,"Programador visual gráfico"
766205,"Outros",20,"Impressor (serigrafia)"
766210,"Outros",3,"Impressor calcográfico"
766215,"Outros",28,"Impressor de ofsete (plano e rotativo)"
766220,"Outros",1,"Impressor de rotativa"
766225,"Outros",2,"Impressor de rotogravura"
766230,"Outros",5,"Impressor digital"
766235,"Outros",1,"Impressor flexográfico"
766250,"Outros",5,"Impressor tipográfico"
766310,"Outros",10,"Impressor de corte e vinco"
766315,"Outros",39,"Operador de acabamento (indústria gráfica)"
766320,"Outros",6,"Operador de guilhotina (corte de papel)"
766405,"Outros",17,"Laboratorista fotográfico"
768110,"Outros",10,"Tecelão de tapetes, a  mão"
768305,"Outros",6,"Artífice do couro"
768320,"Outros",6,"Sapateiro (calçados sob medida)"
768610,"Outros",2,"Linotipista"
768625,"Outros",19,"Pintor de letreiros"
768630,"Outros",1,"Confeccionador de carimbos de borracha"
768705,"Outros",5,"Gravador, à mão (encadernação)"
770105,"Outros",13,"Mestre (indústria de madeira e mobiliário)"
770110,"Outros",24,"Mestre carpinteiro"
771105,"Outros",219,"Marceneiro"
771120,"Outros",5,"Tanoeiro"
772105,"Outros",3,"Classificador de madeira"
772115,"Outros",3,"Secador de madeira"
773105,"Outros",30,"Cortador de laminados de madeira"
773110,"Outros",14,"Operador de serras no desdobramento de madeira"
773115,"Outros",1,"Serrador de bordas no desdobramento de madeira"
773120,"Outros",25,"Serrador de madeira"
773125,"Outros",1,"Serrador de madeira (serra circular múltipla)"
773320,"Outros",13,"Operador de lixadeira (usinagem de madeira)"
773325,"Outros",5,"Operador de máquina de usinagem madeira, em geral"
773340,"Outros",4,"Operador de serras (usinagem de madeira)"
773345,"Outros",1,"Operador de torno automático (usinagem de madeira)"
773405,"Outros",2,"Operador de máquina bordatriz"
773415,"Outros",2,"Operador de máquina de usinagem de madeira (produção em série)"
773510,"Outros",47,"Operador de máquinas de usinar madeira (cnc)"
774105,"Outros",55,"Montador de móveis e artefatos de madeira"
775115,"Outros",6,"Lustrador de peças de madeira"
776420,"Outros",7,"Confeccionador de móveis de vime, junco e bambu"
777110,"Outros",2,"Carpinteiro naval (embarcações)"
780105,"Outros",5,"Supervisor de embalagem e etiquetagem"
781310,"Outros",2,"Operador de aeronaves não tripuladas"
781705,"Outros",2,"Mergulhador profissional (raso e profundo)"
782105,"Outros",1,"Operador de draga"
782110,"Outros",44,"Operador de guindaste (fixo)"
782115,"Outros",40,"Operador de guindaste móvel"
782120,"Outros",28,"Operador de máquina rodoferroviária"
782125,"Outros",1,"Operador de monta-cargas (construção civil)"
782130,"Outros",46,"Operador de ponte rolante"
782135,"Outros",1,"Operador de pórtico rolante"
782145,"Outros",28,"Sinaleiro (ponte-rolante)"
782205,"Outros",123,"Guincheiro (construção civil)"
782220,"Outros",507,"Operador de empilhadeira"
782305,"Support",8888,"Motorista de carro de passeio"
782310,"Operational",1130,"Motorista de furgão ou veículo similar"
782315,"Outros",8,"Motorista de táxi"
782320,"Outros",34,"Condutor de ambulância"
782405,"Outros",255,"Motorista de ônibus rodoviário"
782410,"Outros",352,"Motorista de ônibus urbano"
782415,"Outros",5,"Motorista de trólebus"
782505,"Outros",33,"Caminhoneiro autônomo (rotas regionais e internacionais)"
782510,"Outros",3707,"Motorista de caminhão (rotas regionais e internacionais)"
782515,"Outros",188,"Motorista operacional de guincho"
782615,"Outros",1,"Maquinista de trem metropolitano"
782620,"Outros",2,"Motorneiro"
782625,"Outros",2,"Auxiliar de maquinista de trem"
782705,"Outros",609,"Marinheiro de convés (marítimo e fluviário)"
782710,"Outros",95,"Marinheiro de máquinas"
782715,"Outros",430,"Moço de convés (marítimo e fluviário)"
782720,"Outros",11,"Moço de máquinas (marítimo e fluviário)"
782725,"Outros",217,"Marinheiro de esporte e recreio"
782730,"Outros",34,"Marinheiro auxiliar de convés (marítimo e aquaviario)"
782735,"Outros",1,"Marinheiro auxiliar de máquinas (marítimo e aquaviário)"
782805,"Outros",5,"Condutor de veículos de tração animal (ruas e estradas)"
782810,"Outros",4,"Tropeiro"
782815,"Outros",3,"Boiadeiro"
782820,"Outros",4,"Condutor de veículos a pedais"
783105,"Outros",9,"Agente de pátio"
783110,"Outros",158,"Manobrador"
783205,"Outros",16,"Carregador (aeronaves)"
783210,"Outros",192,"Carregador (armazém)"
783215,"Outros",106,"Carregador (veículos de transportes terrestres)"
783220,"Outros",77,"Estivador"
783225,"Outros",474,"Ajudante de motorista"
784105,"Outros",245,"Embalador, a mão"
784110,"Outros",65,"Embalador, a máquina"
784125,"Outros",1,"Operador de prensa de enfardamento"
784205,"Outros",4640,"Alimentador de linha de produção"
791130,"Outros",4,"Artesão escultor"
810105,"Outros",30,"Mestre (indústria petroquímica e carboquímica)"
810110,"Outros",61,"Mestre de produção química"
810205,"Outros",27,"Mestre (indústria de borracha e plástico)"
810305,"Outros",7,"Mestre de produção farmacêutica"
811005,"Outros",270,"Operador de processos químicos e petroquímicos"
811010,"Outros",77,"Operador de sala de controle de instalações químicas, petroquímicas e afins"
811115,"Outros",6,"Operador de britadeira (tratamentos químicos e afins)"
811120,"Outros",2,"Operador de concentração"
811125,"Outros",14,"Trabalhador da fabricação de resinas e vernizes"
811305,"Outros",6,"Operador de centrifugadora (tratamentos químicos e afins)"
811310,"Outros",5,"Operador de exploração de petróleo"
811410,"Outros",3,"Destilador de produtos químicos (exceto petróleo)"
811425,"Outros",5,"Operador de equipamento de destilação de álcool"
811430,"Outros",9,"Operador de evaporador na destilação"
811505,"Outros",3,"Operador de painel de controle (refinação de petróleo)"
811510,"Outros",58,"Operador de transferência e estocagem - na refinação do petróleo"
811605,"Outros",1,"Operador de britador de coque"
811630,"Outros",80,"Operador de painel de controle"
811645,"Outros",1,"Operador de refrigeração (coqueria)"
811715,"Outros",1,"Confeccionador de pneumáticos"
811745,"Outros",8,"Laminador de plástico"
811750,"Outros",8,"Moldador de borracha por compressão"
811760,"Outros",7,"Moldador de plástico por compressão"
811770,"Outros",19,"Moldador de plástico por injeção"
811775,"Outros",8,"Trefilador de borracha"
811805,"Outros",42,"Operador de máquina de produtos farmacêuticos"
811820,"Outros",1,"Operador de máquina de fabricação de produtos de higiene e limpeza (sabão, sabonete, detergente, absorvente, fraldas cotonetes e outros)"
812105,"Outros",2,"Pirotécnico"
813105,"Outros",1,"Cilindrista (petroquímica e afins)"
813115,"Outros",11,"Operador de extrusora (química, petroquímica e afins)"
813120,"Outros",1,"Operador de processo (química, petroquímica e afins)"
813125,"Outros",642,"Operador de produção (química, petroquímica e afins)"
813130,"Outros",141,"Técnico de operação (química, petroquímica e afins)"
818105,"Outros",90,"Assistente de laboratório industrial"
818110,"Outros",65,"Auxiliar de laboratório de análises físico-químicas"
820105,"Outros",1,"Mestre de siderurgia"
820210,"Outros",1,"Supervisor de fabricação de produtos de vidro"
821105,"Outros",20,"Operador de centro de controle ( sinterização)"
821215,"Outros",1,"Forneiro e operador (forno elétrico)"
821220,"Outros",10,"Forneiro e operador (refino de metais não-ferrosos)"
821225,"Outros",3,"Forneiro e operador de forno de redução direta"
821245,"Outros",2,"Operador de área de corrida"
821305,"Outros",19,"Operador de laminador"
821320,"Outros",1,"Operador de laminador de metais não-ferrosos"
821325,"Outros",3,"Operador de laminador de tubos"
821405,"Outros",63,"Encarregado de acabamento de chapas e metais  (têmpera)"
821435,"Outros",2,"Operador de jato abrasivo"
821440,"Outros",15,"Operador de tesoura mecânica e máquina de corte, no acabamento de chapas e metais"
821445,"Outros",3,"Preparador de sucata e aparas"
821450,"Outros",27,"Rebarbador de metal"
822115,"Outros",21,"Forneiro de fundição (forno de redução)"
823125,"Outros",1,"Preparador de esmaltes (cerâmica)"
823210,"Outros",27,"Extrusor de fios ou fibras de vidro"
823215,"Outros",3,"Forneiro na fundição de vidro"
823220,"Outros",3,"Forneiro no recozimento de vidro"
823240,"Outros",2,"Operador de máquina de soprar vidro"
823245,"Outros",11,"Operador de máquina extrusora de varetas e tubos de vidro"
823320,"Outros",1,"Trabalhador da elaboração de pré-fabricados (cimento amianto)"
823330,"Outros",18,"Trabalhador da fabricação de pedras artificiais"
828110,"Outros",2,"Oleiro (fabricação de tijolos)"
830105,"Outros",7,"Mestre (indústria de celulose, papel e papelão)"
831125,"Outros",2,"Operador de máquina de secar celulose"
832115,"Outros",2,"Operador de máquina de fabricar papel  (fase úmida)"
832125,"Outros",1,"Operador de máquina de fabricar papel e papelão"
832135,"Outros",4,"Operador de rebobinadeira na fabricação de papel e papelão"
833105,"Outros",5,"Cartonageiro, a máquina"
833110,"Outros",1,"Confeccionador de bolsas, sacos e sacolas e papel, a máquina"
833205,"Outros",1,"Cartonageiro, a mão (caixas de papelão)"
840105,"Outros",129,"Supervisor de produção da indústria alimentícia"
840110,"Outros",6,"Supervisor da indústria de bebidas"
840120,"Outros",2,"Chefe de confeitaria"
841115,"Outros",5,"Operador de processo de moagem"
841305,"Outros",32,"Operador de cristalização na refinação de açucar"
841310,"Outros",25,"Operador de equipamentos de refinação de açúcar (processo contínuo)"
841315,"Outros",8,"Operador de moenda na fabricação de açúcar"
841408,"Support",47,"Cozinhador (conservação de alimentos)"
841416,"Support",3,"Cozinhador de carnes"
841420,"Outros",2,"Cozinhador de frutas e legumes"
841428,"Outros",5,"Cozinhador de pescado"
841448,"Outros",3,"Lagareiro"
841456,"Outros",13,"Operador de câmaras frias"
841460,"Outros",1,"Operador de preparação de grãos vegetais (óleos e gorduras)"
841464,"Outros",1,"Prensador de frutas (exceto oleaginosas)"
841468,"Outros",1,"Preparador de rações"
841476,"Outros",2,"Trabalhador de fabricação de margarina"
841484,"Outros",2,"Trabalhador de preparação de pescados (limpeza)"
841505,"Outros",17,"Trabalhador de tratamento do leite e fabricação de laticínios e afins"
841605,"Outros",3,"Misturador de café"
841610,"Outros",2,"Torrador de café"
841715,"Outros",24,"Fermentador"
841725,"Outros",1,"Malteiro (germinação)"
841745,"Outros",5,"Xaropeiro"
841805,"Outros",4,"Operador de forno (fabricação de pães, biscoitos e similares)"
841810,"Outros",12,"Operador de máquinas de fabricação de doces, salgados e massas alimentícias"
842110,"Outros",36,"Processador de fumo"
842115,"Outros",1,"Classificador de fumo"
842120,"Outros",29,"Auxiliar de processamento de fumo"
842210,"Outros",3,"Operador de máquina de fabricar charutos e cigarrilhas"
842230,"Outros",1,"Charuteiro a mão"
848110,"Outros",3,"Salgador de alimentos"
848115,"Outros",8,"Salsicheiro (fabricação de lingüiça, salsicha e produtos similares)"
848205,"Outros",3,"Pasteurizador"
848305,"Outros",104,"Padeiro"
848310,"Outros",92,"Confeiteiro"
848315,"Outros",53,"Masseiro (massas alimentícias)"
848325,"Outros",10,"Trabalhador de fabricação de sorvete"
848405,"Outros",4,"Degustador de café"
848425,"Outros",26,"Classificador de grãos"
848505,"Outros",74,"Abatedor"
848510,"Outros",190,"Açougueiro"
848515,"Outros",20,"Desossador"
848520,"Outros",46,"Magarefe"
848525,"Outros",166,"Retalhador de carne"
860105,"Outros",75,"Supervisor de manutenção eletromecânica (utilidades)"
860110,"Outros",75,"Supervisor de operação de fluidos (distribuição, captação, tratamento de água, gases, vapor)"
860115,"Outros",620,"Supervisor de operação elétrica (geração, transmissão e distribuição de energia elétrica)"
861105,"Outros",391,"Operador de central hidrelétrica"
861110,"Outros",149,"Operador de quadro de distribuição de energia elétrica"
861115,"Outros",31,"Operador de central termoelétrica"
861205,"Outros",239,"Operador de subestação"
862110,"Outros",309,"Maquinista de embarcações"
862120,"Outros",45,"Operador de caldeira"
862130,"Outros",6,"Operador de compressor de ar"
862140,"Outros",13,"Operador de estação de bombeamento"
862150,"Outros",818,"Operador de máquinas fixas, em geral"
862155,"Outros",82,"Operador de utilidade (produção e distribuição de vapor, gás, óleo, combustível, energia, oxigênio)"
862160,"Outros",3,"Operador de abastecimento de combustível de aeronave"
862205,"Outros",23,"Operador de estação de captação, tratamento e distribuição de água"
862305,"Outros",111,"Operador de estação de tratamento de água e efluentes"
862310,"Outros",1,"Operador de forno de incineração no tratamento de água, efluentes e resíduos industriais"
862505,"Outros",3,"Operador de instalação de refrigeração"
862515,"Outros",14,"Operador de instalação de ar-condicionado"
910105,"Operational",444,"Encarregado de manutenção mecânica de sistemas operacionais"
910110,"Outros",19,"Supervisor de manutenção de aparelhos térmicos, de climatização e de refrigeração"
910115,"Outros",22,"Supervisor de manutenção de bombas, motores, compressores e equipamentos de transmissão"
910120,"Outros",4,"Supervisor de manutenção de máquinas gráficas"
910125,"Outros",4,"Supervisor de manutenção de máquinas industriais têxteis"
910130,"Outros",8,"Supervisor de manutenção de máquinas operatrizes e de usinagem"
910205,"Outros",55,"Supervisor da manutenção e reparação de veículos leves"
910210,"Outros",79,"Supervisor da manutenção e reparação de veículos pesados"
910905,"Outros",1,"Supervisor de reparos linhas férreas"
911105,"Outros",3,"Mecânico de manutenção de bomba injetora (exceto de veículos automotores)"
911110,"Outros",10,"Mecânico de manutenção de bombas"
911115,"Outros",1,"Mecânico de manutenção de compressores de ar"
911120,"Outros",59,"Mecânico de manutenção de motores diesel (exceto de veículos automotores)"
911130,"Outros",4,"Mecânico de manutenção de turbinas (exceto de aeronaves)"
911205,"Outros",159,"Mecânico de manutenção e instalação de aparelhos de climatização e  refrigeração"
911305,"Outros",1019,"Mecânico de manutenção de máquinas, em geral"
911310,"Outros",33,"Mecânico de manutenção de máquinas gráficas"
911320,"Outros",3,"Mecânico de manutenção de máquinas têxteis"
911325,"Outros",16,"Mecânico de manutenção de máquinas-ferramentas (usinagem de metais)"
913105,"Outros",5,"Mecânico de manutenção de aparelhos de levantamento"
913110,"Outros",18,"Mecânico de manutenção de equipamento de mineração"
913115,"Outros",205,"Mecânico de manutenção de máquinas agrícolas"
913120,"Outros",65,"Mecânico de manutenção de máquinas de construção e terraplenagem"
914105,"Outros",247,"Mecânico de manutenção de aeronaves, em geral"
914205,"Outros",1,"Mecânico de manutenção de motores e equipamentos navais"
914305,"Outros",38,"Mecânico de manutenção de veículos ferroviários"
914405,"Outros",388,"Mecânico de manutenção de automóveis, motocicletas e veículos similares"
914410,"Outros",10,"Mecânico de manutenção de empilhadeiras e outros veículos de cargas leves"
914415,"Outros",24,"Mecânico de manutenção de motocicletas"
914420,"Outros",109,"Mecânico de manutenção de tratores"
914425,"Outros",429,"Mecânico de veículos automotores a diesel (exceto tratores)"
915105,"Outros",24,"Técnico em manutenção de instrumentos de medição e precisão"
915110,"Outros",7,"Técnico em manutenção de hidrômetros"
915305,"Outros",4,"Técnico em manutenção de equipamentos e instrumentos médico-hospitalares"
919105,"Outros",83,"Lubrificador industrial"
919110,"Outros",129,"Lubrificador de veículos automotores (exceto embarcações)"
919115,"Outros",9,"Lubrificador de embarcações"
919205,"Outros",35,"Mecânico de manutenção de máquinas cortadoras de grama, roçadeiras, motosserras e similares"
919305,"Outros",3,"Mecânico de manutenção de aparelhos esportivos e de ginástica"
919310,"Outros",3,"Mecânico de manutenção de bicicletas e veículos similares"
950105,"Outros",82,"Supervisor de manutenção elétrica de alta tensão industrial"
950110,"Outros",208,"Supervisor de manutenção eletromecânica industrial, comercial e predial"
950205,"Outros",40,"Encarregado de manutenção elétrica de veículos"
950305,"Outros",121,"Supervisor de manutenção eletromecânica"
951105,"Support",877,"Eletricista de manutenção eletroeletrônica"
951305,"Outros",135,"Instalador de sistemas eletroeletrônicos de segurança"
951310,"Outros",82,"Mantenedor de sistemas eletroeletrônicos de segurança"
951315,"Outros",74,"Monitor de sistemas eletrônicos de segurança interno"
951320,"Support",9,"Monitor de sistemas eletrônicos de segurança externo"
953105,"Outros",7,"Eletricista de instalações (aeronaves)"
953110,"Outros",12,"Eletricista de instalações (embarcações)"
953115,"Outros",214,"Eletricista de instalações (veículos automotores e máquinas operatrizes, exceto aeronaves e embarcações)"
954105,"Outros",7,"Eletromecânico de manutenção de elevadores"
954115,"Outros",1,"Eletromecânico de manutenção de portas automáticas"
954120,"Outros",25,"Mecânico de manutenção de instalações mecânicas de edifícios"
954125,"Outros",50,"Operador eletromecânico"
954205,"Outros",35,"Reparador de aparelhos eletrodomésticos (exceto imagem e som)"
954210,"Outros",19,"Reparador de rádio, tv e som"
954305,"Outros",1,"Reparador de equipamentos de escritório"
991105,"Outros",12,"Conservador de via permanente (trilhos)"
991205,"Outros",5,"Mantenedor de equipamentos de parques de diversões e similares"
991305,"Outros",25,"Funileiro de veículos (reparação)"
991310,"Outros",17,"Montador de veículos (reparação)"
991315,"Outros",44,"Pintor de veículos (reparação)"
992105,"Outros",8,"Alinhador de pneus"
992110,"Outros",1,"Balanceador"
992115,"Outros",157,"Borracheiro"
992120,"Outros",5,"Lavador de peças"
992205,"Outros",154,"Encarregado geral de operações de conservação de vias permanentes (exceto trilhos)"
992210,"Outros",79,"Encarregado de equipe de conservação de vias permanentes (exceto trilhos)"
992215,"Outros",97,"Operador de ceifadeira na conservação de vias permanentes"
992220,"Outros",1,"Pedreiro de conservação de vias permanentes (exceto trilhos)"
992225,"Outros",1262,"Auxiliar geral de conservação de vias permanentes (exceto trilhos)"
